710.10300,0.00263,-0.00049,-0.00143,1.46154
710.17200,0.00280,-0.00049,-0.00151,1.46364
710.23300,0.00280,-0.00033,-0.00147,1.47516
710.29500,0.00000,0.00000,0.00000,NaN
710.35700,0.00016,0.00000,-0.00008,1.50000
710.41900,0.00000,0.00000,0.00000,NaN
710.48200,0.00000,0.00000,0.00000,NaN
710.57400,-0.00016,-0.00033,0.00001,5.50001
710.60800,-0.00016,-0.00016,0.00005,1.90000
710.67000,-0.00016,-0.00016,0.00005,1.90000
710.73300,-0.00016,-0.00016,0.00005,1.90000
710.79600,0.00016,0.00000,-0.00008,1.50000
710.85900,0.00016,-0.00016,-0.00012,1.34615
710.92000,0.00000,-0.00016,-0.00004,NaN
710.98500,0.00000,-0.00016,-0.00004,NaN
711.04500,0.00000,-0.00016,-0.00004,NaN
711.10900,0.00000,0.00000,0.00000,NaN
711.17200,-0.00016,-0.00016,0.00005,1.90000
711.23500,0.00000,0.00000,0.00000,NaN
711.29900,0.00033,-0.00016,-0.00020,1.40909
711.35900,0.00049,0.00000,-0.00025,1.50000
711.42200,0.00016,0.00000,-0.00008,1.50000
711.48300,0.00033,0.00000,-0.00016,1.50000
711.54500,0.00016,-0.00016,-0.00012,1.34615
711.61000,-0.00016,-0.00016,0.00005,1.90000
711.69300,-0.00041,-0.00082,0.00002,5.50001
711.73500,-0.00033,-0.00049,0.00005,2.50000
711.79600,-0.00033,-0.00033,0.00009,1.90000
711.86200,-0.00033,-0.00033,0.00009,1.90000
711.92100,-0.00033,-0.00049,0.00005,2.50000
711.98500,-0.00016,-0.00033,0.00001,5.50001
712.04600,0.00000,0.00000,0.00000,NaN
712.10900,0.00049,0.00000,-0.00025,1.50000
712.19200,-0.00016,-0.00016,0.00005,1.90000
712.23400,0.00000,-0.00016,-0.00004,NaN
712.29600,0.00066,-0.00016,-0.00037,1.45000
712.36000,0.00049,0.00000,-0.00025,1.50000
712.42100,0.00099,0.00000,-0.00049,1.50000
712.48400,0.00066,0.00000,-0.00033,1.50000
712.54700,0.00033,0.00000,-0.00016,1.50000
712.61000,0.00016,0.00000,-0.00008,1.50000
712.67200,0.00016,-0.00033,-0.00016,1.26471
712.73400,0.00066,-0.00033,-0.00040,1.40909
712.82500,-0.00033,-0.00066,0.00002,5.50001
712.85900,-0.00016,-0.00033,0.00001,5.50001
712.92000,0.00000,-0.00016,-0.00004,NaN
712.98400,0.00000,-0.00016,-0.00004,NaN
713.04600,0.00000,-0.00025,-0.00005,NaN
713.10900,0.00016,-0.00016,-0.00012,1.34615
713.17200,0.00016,-0.00016,-0.00012,1.34615
713.23400,0.00049,-0.00016,-0.00028,1.43548
713.29600,0.00049,0.00000,-0.00025,1.50000
713.36000,0.00082,0.00000,-0.00041,1.50000
713.42200,0.00033,0.00000,-0.00016,1.50000
713.48400,0.00099,0.00000,-0.00049,1.50000
713.54500,0.00082,0.00000,-0.00041,1.50000
713.61000,0.00000,0.00000,0.00000,NaN
713.67200,0.00403,-0.00025,-0.00207,1.48675
713.73400,-0.00132,0.00066,0.00080,1.40909
713.79600,0.00033,-0.00066,-0.00031,1.26471
713.85900,0.00214,-0.00016,-0.00111,1.48347
713.92200,-0.00099,0.00082,0.00068,1.36486
713.98400,0.00296,-0.00066,-0.00163,1.45506
714.04600,-0.00107,0.00000,0.00053,1.50000
714.10900,0.00156,-0.00016,-0.00082,1.47765
714.17200,0.00000,-0.00016,-0.00004,NaN
714.23400,-0.00016,-0.00016,0.00005,1.90000
714.29600,0.00214,-0.00016,-0.00111,1.48347
714.36000,-0.00164,0.00066,0.00097,1.42453
714.42200,0.00214,-0.00058,-0.00120,1.44656
714.48400,0.00000,0.00016,0.00004,NaN
714.54600,0.00000,0.00000,0.00000,NaN
714.61000,0.00099,-0.00049,-0.00060,1.40909
714.67200,-0.00033,-0.00033,0.00009,1.90000
714.73700,0.00049,-0.00049,-0.00036,1.34615
714.79800,0.00000,-0.00033,-0.00007,NaN
714.86100,0.00033,-0.00049,-0.00027,1.30000
714.92200,0.00049,-0.00033,-0.00032,1.38571
714.98600,0.00000,-0.00033,-0.00007,NaN
715.04600,0.00049,-0.00033,-0.00032,1.38571
715.10900,0.00066,-0.00016,-0.00037,1.45000
715.17200,0.00049,-0.00025,-0.00030,1.40909
715.23500,0.00066,-0.00016,-0.00037,1.45000
715.29700,0.00033,-0.00016,-0.00020,1.40909
715.36000,0.00074,-0.00016,-0.00041,1.45506
715.42200,0.00082,-0.00016,-0.00045,1.45918
715.48500,0.00016,-0.00016,-0.00012,1.34615
715.54700,0.00082,-0.00016,-0.00045,1.45918
715.60900,0.00066,-0.00016,-0.00037,1.45000
715.67200,0.00066,-0.00033,-0.00040,1.40909
715.73300,0.00082,-0.00033,-0.00048,1.42453
715.79700,-0.00016,0.00000,0.00008,1.50000
715.85900,0.00000,0.00000,0.00000,NaN
715.94500,-0.00049,0.00000,0.00025,1.50000
715.99700,-0.00049,0.00016,0.00028,1.43548
716.04600,0.00000,0.00016,0.00004,NaN
716.10900,-0.00066,0.00000,0.00033,1.50000
716.17200,0.00016,0.00016,-0.00005,1.90000
716.23500,0.00008,0.00016,-0.00000,5.50001
716.29700,-0.00049,0.00016,0.00028,1.43548
716.35800,-0.00066,0.00033,0.00040,1.40909
716.42200,0.00016,0.00016,-0.00005,1.90000
716.48500,0.00000,0.00016,0.00004,NaN
716.54600,-0.00082,0.00033,0.00048,1.42453
716.60900,-0.00049,0.00016,0.00028,1.43548
716.67100,-0.00049,0.00016,0.00028,1.43548
716.73400,-0.00082,0.00000,0.00041,1.50000
716.79800,-0.00066,0.00000,0.00033,1.50000
716.86000,0.00000,0.00000,0.00000,NaN
716.92200,0.00016,0.00016,-0.00005,1.90000
716.98400,0.00016,0.00016,-0.00005,1.90000
717.04800,0.00000,0.00000,0.00000,NaN
717.10900,0.00016,0.00016,-0.00005,1.90000
717.17300,-0.00049,0.00000,0.00025,1.50000
717.23600,0.00000,0.00016,0.00004,NaN
717.30000,0.00000,0.00000,0.00000,NaN
717.35900,0.00016,0.00016,-0.00005,1.90000
717.42200,0.00016,0.00016,-0.00005,1.90000
717.48500,0.00033,0.00016,-0.00013,1.64286
717.54700,0.00016,0.00016,-0.00005,1.90000
717.61100,0.00000,0.00000,0.00000,NaN
717.67300,0.00000,0.00000,0.00000,NaN
717.73400,-0.00016,0.00000,0.00008,1.50000
717.80000,-0.00115,-0.00016,0.00054,1.53390
717.86100,-0.00033,-0.00016,0.00013,1.64286
717.92500,-0.00016,-0.00016,0.00005,1.90000
717.98700,-0.00033,-0.00033,0.00009,1.90000
718.04800,0.00000,0.00016,0.00004,NaN
718.11000,0.00033,0.00033,-0.00009,1.90000
718.17300,0.00016,0.00033,-0.00001,5.50001
718.23500,0.00000,0.00016,0.00004,NaN
718.29700,0.00000,0.00016,0.00004,NaN
718.36100,0.00016,0.00033,-0.00001,5.50001
718.42200,0.00000,0.00016,0.00004,NaN
718.48500,-0.00008,0.00016,0.00008,1.26471
718.54800,0.00016,0.00016,-0.00005,1.90000
718.61100,-0.00016,0.00000,0.00008,1.50000
718.67400,-0.00016,0.00000,0.00008,1.50000
718.73600,0.00000,0.00000,0.00000,NaN
718.79900,-0.00016,0.00000,0.00008,1.50000
718.86100,0.00000,0.00000,0.00000,NaN
718.92200,0.00000,0.00016,0.00004,NaN
718.98600,0.00016,0.00016,-0.00005,1.90000
719.04800,-0.00066,0.00000,0.00033,1.50000
719.11100,0.00016,0.00016,-0.00005,1.90000
719.17200,0.00016,0.00016,-0.00005,1.90000
719.23600,0.00000,0.00016,0.00004,NaN
719.29900,-0.00016,-0.00016,0.00005,1.90000
719.36200,0.00000,0.00000,0.00000,NaN
719.42300,0.00016,0.00016,-0.00005,1.90000
719.48500,0.00016,0.00016,-0.00005,1.90000
719.54900,0.00000,0.00016,0.00004,NaN
719.61200,0.00016,0.00016,-0.00005,1.90000
719.67200,0.00016,0.00033,-0.00001,5.50001
719.73500,0.00033,0.00016,-0.00013,1.64286
719.79800,0.00016,0.00033,-0.00001,5.50001
719.86300,0.00016,0.00016,-0.00005,1.90000
719.92400,0.00016,0.00016,-0.00005,1.90000
719.98600,0.00016,0.00016,-0.00005,1.90000
720.04900,0.00033,0.00016,-0.00013,1.64286
720.11000,0.00033,0.00016,-0.00013,1.64286
720.17400,0.00033,0.00016,-0.00013,1.64286
720.23500,0.00016,0.00016,-0.00005,1.90000
720.29900,0.00016,0.00016,-0.00005,1.90000
720.36000,0.00033,0.00016,-0.00013,1.64286
720.42400,0.00016,0.00016,-0.00005,1.90000
720.48500,0.00033,0.00016,-0.00013,1.64286
720.54800,0.00016,0.00000,-0.00008,1.50000
720.61200,0.00000,0.00000,0.00000,NaN
720.67300,0.00000,0.00000,0.00000,NaN
720.73600,-0.00016,-0.00016,0.00005,1.90000
720.80000,-0.00016,0.00000,0.00008,1.50000
720.87300,-0.00016,0.00000,0.00008,1.50000
720.92500,0.00000,0.00000,0.00000,NaN
720.98800,0.00000,0.00000,0.00000,NaN
721.04900,-0.00016,0.00016,0.00012,1.34615
721.11100,0.00016,0.00016,-0.00005,1.90000
721.17300,0.00016,0.00016,-0.00005,1.90000
721.23500,0.00033,0.00016,-0.00013,1.64286
721.29800,0.00033,0.00016,-0.00013,1.64286
721.36600,0.00033,0.00033,-0.00009,1.90000
721.42400,0.00033,0.00033,-0.00009,1.90000
721.48600,0.00033,0.00016,-0.00013,1.64286
721.54900,0.00033,0.00016,-0.00013,1.64286
721.61100,0.00033,0.00016,-0.00013,1.64286
721.67500,0.00000,0.00000,0.00000,NaN
721.73600,-0.00016,-0.00016,0.00005,1.90000
721.79900,0.00000,0.00000,0.00000,NaN
721.86000,0.00000,-0.00016,-0.00004,NaN
721.92400,0.00016,0.00016,-0.00005,1.90000
721.98500,0.00016,0.00016,-0.00005,1.90000
722.04800,0.00033,0.00016,-0.00013,1.64286
722.11100,0.00033,0.00016,-0.00013,1.64286
722.17300,0.00016,0.00016,-0.00005,1.90000
722.23500,0.00033,0.00033,-0.00009,1.90000
722.29800,0.00016,0.00016,-0.00005,1.90000
722.36100,0.00016,0.00016,-0.00005,1.90000
722.42400,0.00033,0.00033,-0.00009,1.90000
722.48500,0.00033,0.00033,-0.00009,1.90000
722.54900,0.00033,0.00033,-0.00009,1.90000
722.61000,0.00033,0.00033,-0.00009,1.90000
722.67300,0.00016,0.00033,-0.00001,5.50001
722.73600,0.00016,0.00033,-0.00001,5.50001
722.79800,0.00033,0.00033,-0.00009,1.90000
722.86100,0.00016,0.00016,-0.00005,1.90000
722.92300,0.00033,0.00033,-0.00009,1.90000
722.98500,0.00016,0.00016,-0.00005,1.90000
723.04900,0.00000,0.00000,0.00000,NaN
723.11000,0.00016,0.00016,-0.00005,1.90000
723.17300,0.00016,0.00016,-0.00005,1.90000
723.23500,0.00016,0.00016,-0.00005,1.90000
723.29900,0.00033,0.00016,-0.00013,1.64286
723.36100,0.00016,0.00016,-0.00005,1.90000
723.42300,0.00033,0.00033,-0.00009,1.90000
723.48500,0.00033,0.00016,-0.00013,1.64286
723.54900,0.00016,0.00016,-0.00005,1.90000
723.61100,0.00016,0.00000,-0.00008,1.50000
723.67400,0.00000,0.00000,0.00000,NaN
723.73600,0.00000,0.00000,0.00000,NaN
723.80200,0.00000,0.00000,0.00000,NaN
723.86300,0.00000,-0.00016,-0.00004,NaN
723.92500,0.00000,0.00000,0.00000,NaN
723.98700,0.00000,0.00000,0.00000,NaN
724.05000,0.00016,0.00016,-0.00005,1.90000
724.11000,0.00033,0.00033,-0.00009,1.90000
724.17200,0.00033,0.00033,-0.00009,1.90000
724.23700,0.00033,0.00033,-0.00009,1.90000
724.29900,0.00033,0.00033,-0.00009,1.90000
724.36000,0.00016,0.00016,-0.00005,1.90000
724.42300,0.00016,0.00033,-0.00001,5.50001
724.48500,0.00033,0.00033,-0.00009,1.90000
724.54700,0.00033,0.00033,-0.00009,1.90000
724.61100,0.00041,0.00016,-0.00017,1.60811
724.67300,0.00016,0.00016,-0.00005,1.90000
724.73700,0.00000,0.00000,0.00000,NaN
724.80000,0.00000,0.00000,0.00000,NaN
724.86300,0.00016,0.00000,-0.00008,1.50000
724.92500,0.00033,0.00016,-0.00013,1.64286
724.98500,0.00033,0.00033,-0.00009,1.90000
725.04900,0.00016,0.00000,-0.00008,1.50000
725.11100,-0.00033,0.00000,0.00016,1.50000
725.17400,0.00000,0.00000,0.00000,NaN
725.23600,0.00016,0.00016,-0.00005,1.90000
725.29900,0.00016,0.00016,-0.00005,1.90000
725.36100,0.00016,0.00016,-0.00005,1.90000
725.42300,0.00033,0.00016,-0.00013,1.64286
725.48500,0.00033,0.00033,-0.00009,1.90000
725.54800,0.00033,0.00033,-0.00009,1.90000
725.61000,0.00016,0.00033,-0.00001,5.50001
725.67400,0.00033,0.00033,-0.00009,1.90000
725.73600,0.00033,0.00033,-0.00009,1.90000
725.79700,0.00033,0.00033,-0.00009,1.90000
725.86200,0.00033,0.00033,-0.00009,1.90000
725.92400,0.00033,0.00016,-0.00013,1.64286
725.98700,0.00033,0.00033,-0.00009,1.90000
726.04900,0.00033,0.00016,-0.00013,1.64286
726.11100,0.00033,0.00016,-0.00013,1.64286
726.17300,0.00033,0.00016,-0.00013,1.64286
726.23600,0.00033,0.00016,-0.00013,1.64286
726.29900,0.00049,0.00033,-0.00017,1.71053
726.36100,0.00033,0.00033,-0.00009,1.90000
726.42300,0.00016,0.00000,-0.00008,1.50000
726.48600,0.00000,0.00000,0.00000,NaN
726.54800,0.00000,0.00000,0.00000,NaN
726.61300,0.00000,-0.00016,-0.00004,NaN
726.67500,-0.00016,-0.00016,0.00005,1.90000
726.73800,-0.00016,-0.00016,0.00005,1.90000
726.80200,-0.00016,-0.00016,0.00005,1.90000
726.86300,-0.00016,-0.00016,0.00005,1.90000
726.92500,-0.00016,-0.00016,0.00005,1.90000
726.98800,0.00000,-0.00016,-0.00004,NaN
727.05100,0.00000,0.00000,0.00000,NaN
727.11000,0.00000,0.00033,0.00007,NaN
727.17400,0.01694,0.00247,-0.00792,1.53460
727.23700,-0.00354,0.00576,0.00305,1.29010
727.29800,0.00740,0.00280,-0.00308,1.60089
727.36100,0.00502,0.00444,-0.00152,1.82432
727.42400,0.00247,0.00510,-0.00010,7.13638
727.48600,0.00855,0.00296,-0.00362,1.59091
727.54900,0.00345,0.00493,-0.00063,2.36957
727.61000,0.00526,0.00444,-0.00164,1.80000
727.67300,0.00477,0.00395,-0.00151,1.79091
727.73500,0.00362,0.00411,-0.00090,2.01020
727.79800,0.00477,0.00411,-0.00147,1.81056
727.86100,0.00477,0.00411,-0.00147,1.81056
727.92200,0.00485,0.00428,-0.00148,1.82198
727.98700,0.00576,0.00444,-0.00189,1.76087
728.04900,0.00395,0.00444,-0.00099,2.00000
728.11200,0.00493,0.00460,-0.00144,1.85443
728.17200,-0.00378,0.00592,0.00321,1.29487
728.23600,-0.02023,0.00839,0.01198,1.42220
728.29800,-0.03190,0.01052,0.01829,1.43606
728.36100,-0.04325,0.01233,0.02436,1.44376
728.42400,-0.05541,0.01299,0.03059,1.45282
728.48700,-0.06249,0.01431,0.03442,1.45382
728.54800,-0.07326,0.01431,0.03981,1.46007
728.61000,-0.08140,0.01546,0.04413,1.46108
728.67300,-0.08962,0.01537,0.04823,1.46458
728.73700,-0.09932,0.01463,0.05291,1.46927
728.79800,-0.10573,0.01431,0.05605,1.47164
728.86000,-0.11395,0.01414,0.06012,1.47386
728.92300,-0.12201,0.01315,0.06393,1.47714
728.98600,-0.12958,0.01299,0.06767,1.47867
729.04700,-0.13944,0.01184,0.07235,1.48182
729.11100,-0.14487,0.01184,0.07506,1.48248
729.17200,-0.15260,0.01069,0.07867,1.48490
729.23700,-0.16230,0.01052,0.08349,1.48599
729.29800,-0.16986,0.00970,0.08709,1.48762
729.36100,-0.18006,0.00904,0.09204,1.48908
729.42300,-0.18861,0.00806,0.09609,1.49068
729.48600,-0.19847,0.00691,0.10077,1.49239
729.54900,-0.21031,0.00576,0.10644,1.49399
729.61200,-0.22166,0.00510,0.11196,1.49494
729.67400,-0.23531,0.00395,0.11853,1.49630
729.73700,-0.24649,0.00280,0.12387,1.49749
729.79900,-0.25751,0.00181,0.12916,1.49844
729.86800,-0.27477,0.00033,0.13746,1.49973
729.92400,-0.28587,-0.00082,0.14275,1.50064
729.99100,-0.30519,-0.00214,0.15212,1.50156
730.04700,-0.32016,-0.00312,0.15938,1.50218
730.11200,-0.33167,-0.00345,0.16507,1.50232
730.17300,-0.35140,-0.00460,0.17468,1.50293
730.23600,-0.36242,-0.00559,0.17997,1.50345
730.29900,-0.38215,-0.00674,0.18958,1.50395
730.36100,-0.39958,-0.00806,0.19800,1.50452
730.42300,-0.41240,-0.00855,0.20430,1.50465
730.48500,-0.43567,-0.00970,0.21568,1.50500
730.54800,-0.45368,-0.01069,0.22446,1.50529
730.61100,-0.46552,-0.01085,0.23035,1.50523
730.67200,-0.43822,-0.00987,0.21692,1.50505
730.73600,-0.41849,-0.00937,0.20716,1.50503
730.79900,-0.39053,-0.00740,0.19362,1.50425
730.86100,-0.36899,-0.00592,0.18318,1.50359
730.92200,-0.35132,-0.00460,0.17464,1.50293
730.98500,-0.32229,-0.00247,0.16060,1.50171
731.04800,-0.30412,-0.00115,0.15181,1.50084
731.11100,-0.28003,0.00099,0.14024,1.49922
731.17400,-0.25816,0.00230,0.12959,1.49803
731.23600,-0.24427,0.00395,0.12301,1.49644
731.29900,-0.21886,0.00576,0.11071,1.49422
731.36000,-0.20522,0.00707,0.10418,1.49246
731.42300,-0.18828,0.00855,0.09604,1.49011
731.48500,-0.16994,0.01052,0.08731,1.48661
731.54800,-0.15720,0.01135,0.08112,1.48446
731.61100,-0.14092,0.01348,0.07346,1.47960
731.67400,-0.12785,0.01496,0.06725,1.47528
731.73700,-0.11749,0.01546,0.06218,1.47238
731.79800,-0.10088,0.01644,0.05409,1.46622
731.85900,-0.09167,0.01644,0.04949,1.46308
731.92100,-0.07827,0.01644,0.04279,1.45730
731.98500,-0.06265,0.01431,0.03450,1.45393
732.04800,-0.04982,0.01381,0.02798,1.44515
732.11000,-0.03042,0.01052,0.01755,1.43337
732.17200,-0.01809,0.00855,0.01094,1.41319
732.23600,-0.00806,0.00674,0.00553,1.36446
732.29700,-0.00724,0.00674,0.00512,1.35357
732.36000,-0.00592,0.00625,0.00435,1.34034
732.42200,-0.00592,0.00674,0.00446,1.33197
732.48600,-0.00477,0.00592,0.00370,1.32222
732.54800,-0.00477,0.00592,0.00370,1.32222
732.61100,-0.00477,0.00608,0.00374,1.31907
732.67200,-0.00411,0.00592,0.00337,1.30488
732.73700,-0.00296,0.00559,0.00272,1.27181
732.79900,-0.00362,0.00559,0.00305,1.29641
732.86300,-0.00296,0.00543,0.00269,1.27551
732.92300,-0.00312,0.00543,0.00277,1.28218
732.98900,-0.00378,0.00543,0.00310,1.30531
733.05000,-0.00263,0.00510,0.00245,1.26866
733.11200,-0.00296,0.00543,0.00269,1.27551
733.17300,-0.00197,0.00576,0.00227,1.21774
733.23700,-0.00214,0.00576,0.00235,1.22763
733.29900,-0.00197,0.00576,0.00227,1.21774
733.36200,-0.00132,0.00576,0.00194,1.16981
733.42500,-0.00148,0.00576,0.00202,1.18326
733.48700,-0.00132,0.00559,0.00190,1.17308
733.54800,-0.00132,0.00576,0.00194,1.16981
733.61100,-0.00132,0.00559,0.00190,1.17308
733.67400,-0.00115,0.00559,0.00182,1.15829
733.73800,-0.00132,0.00543,0.00186,1.17647
733.80000,-0.00115,0.00543,0.00178,1.16154
733.86000,-0.00099,0.00543,0.00170,1.14516
733.92400,-0.00033,0.00559,0.00141,1.05844
733.98600,-0.00033,0.00576,0.00144,1.05696
734.04900,-0.00025,0.00576,0.00140,1.04397
734.11200,-0.00016,0.00559,0.00132,1.03103
734.17400,-0.00049,0.00543,0.00145,1.08491
734.23700,0.00016,0.00543,0.00112,0.96341
734.29900,0.00049,0.00559,0.00100,0.87615
734.36200,-0.00082,0.00576,0.00169,1.12162
734.42400,0.00033,0.00510,0.00097,0.91509
734.48800,0.00033,0.00559,0.00108,0.92373
734.54900,0.00016,0.00559,0.00116,0.96457
734.61200,0.00066,0.00477,0.00073,0.77500
734.67500,0.00115,0.00493,0.00052,0.44737
734.73700,0.00016,0.00526,0.00109,0.96218
734.79900,0.00132,0.00477,0.00040,0.18182
734.86200,0.00066,0.00559,0.00091,0.82000
734.92600,0.00132,0.00543,0.00055,0.40000
734.98800,0.00164,0.00493,0.00027,-0.50000
735.05000,0.00049,0.00493,0.00085,0.85484
735.11200,0.00140,0.00559,0.00054,0.35714
735.17400,0.00132,0.00477,0.00040,0.18182
735.23800,0.00148,0.00510,0.00039,0.05814
735.30000,0.00148,0.00493,0.00036,-0.03846
735.36200,0.00181,0.00477,0.00016,-1.91176
735.42400,0.00164,0.00510,0.00031,-0.32353
735.48700,0.00148,0.00592,0.00058,0.35714
735.54900,-0.00082,0.00592,0.00173,1.11905
735.61200,-0.01611,0.00806,0.00985,1.40909
735.67500,-0.02943,0.00921,0.01676,1.43896
735.73800,-0.04432,0.01151,0.02472,1.44825
735.80300,-0.05311,0.01266,0.02937,1.45210
735.86500,-0.06462,0.01299,0.03520,1.45899
735.92600,-0.07515,0.01398,0.04068,1.46182
735.99100,-0.08370,0.01398,0.04495,1.46545
736.05100,-0.09504,0.01431,0.05070,1.46865
736.11200,-0.10310,0.01431,0.05473,1.47096
736.17400,-0.11231,0.01431,0.05933,1.47321
736.23800,-0.12374,0.01332,0.06483,1.47717
736.29900,-0.13237,0.01266,0.06900,1.47961
736.36200,-0.14520,0.01184,0.07523,1.48251
736.42400,-0.15482,0.01069,0.07978,1.48511
736.48700,-0.16444,0.01036,0.08452,1.48638
736.55000,-0.17948,0.00904,0.09175,1.48905
736.61200,-0.18861,0.00806,0.09609,1.49068
736.67400,-0.20522,0.00674,0.10411,1.49280
736.73700,-0.21689,0.00543,0.10965,1.49450
736.79900,-0.22774,0.00444,0.11486,1.49571
736.86200,-0.24452,0.00345,0.12303,1.49688
736.92400,-0.25701,0.00247,0.12905,1.49788
736.98700,-0.27527,0.00082,0.13782,1.49934
737.04900,-0.29056,-0.00082,0.14510,1.50063
737.11300,-0.30289,-0.00164,0.15108,1.50121
737.17400,-0.32509,-0.00296,0.16189,1.50203
737.23800,-0.33874,-0.00411,0.16846,1.50271
737.29900,-0.35633,-0.00510,0.17703,1.50320
737.36200,-0.37491,-0.00559,0.18621,1.50334
737.42400,-0.38856,-0.00674,0.19278,1.50389
737.48700,-0.41314,-0.00822,0.20475,1.50446
737.55000,-0.43197,-0.00921,0.21394,1.50478
737.61200,-0.44875,-0.01020,0.22211,1.50510
737.67400,-0.42334,-0.00904,0.20966,1.50479
737.73700,-0.40320,-0.00789,0.19984,1.50439
737.79900,-0.37754,-0.00658,0.18731,1.50390
737.86100,-0.35403,-0.00444,0.17603,1.50280
737.92400,-0.33726,-0.00312,0.16793,1.50207
737.98700,-0.30889,-0.00099,0.15423,1.50071
738.05000,-0.29097,0.00049,0.14559,1.49962
738.11100,-0.27148,0.00181,0.13614,1.49852
738.17500,-0.24797,0.00411,0.12490,1.49634
738.23700,-0.23251,0.00526,0.11743,1.49502
738.30100,-0.21064,0.00691,0.10686,1.49282
738.36100,-0.19469,0.00872,0.09928,1.49025
738.42400,-0.17973,0.01085,0.09228,1.48693
738.48600,-0.16180,0.01233,0.08364,1.48362
738.55000,-0.14980,0.01381,0.07797,1.48032
738.61700,-0.13517,0.01496,0.07091,1.47655
738.67800,-0.12119,0.01529,0.06399,1.47345
738.73800,-0.10968,0.01628,0.05846,1.46906
738.80500,-0.09439,0.01628,0.05081,1.46440
738.86300,-0.08485,0.01644,0.04608,1.46035
738.92700,-0.07219,0.01611,0.03967,1.45487
738.98900,-0.05525,0.01398,0.03073,1.44946
739.05100,-0.04358,0.01200,0.02446,1.44546
739.11400,-0.02187,0.00954,0.01305,1.41882
739.17400,-0.00970,0.00707,0.00642,1.37767
739.23800,-0.00839,0.00707,0.00576,1.36371
739.29900,-0.00806,0.00707,0.00560,1.35971
739.36100,-0.00707,0.00707,0.00511,1.34615
739.42500,-0.00592,0.00707,0.00453,1.32661
739.48600,-0.00576,0.00707,0.00445,1.32341
739.54900,-0.00493,0.00658,0.00393,1.31395
739.61300,-0.00526,0.00674,0.00413,1.31858
739.67500,-0.00576,0.00674,0.00438,1.32881
739.73700,-0.00395,0.00576,0.00325,1.30337
739.80000,-0.00428,0.00592,0.00345,1.30952
739.86200,-0.00378,0.00576,0.00317,1.29827
739.92500,-0.00395,0.00592,0.00329,1.30000
739.98600,-0.00362,0.00592,0.00312,1.28947
740.04900,-0.00329,0.00592,0.00296,1.27778
740.11200,-0.00345,0.00592,0.00304,1.28378
740.17500,-0.00296,0.00592,0.00280,1.26471
740.23700,-0.00312,0.00592,0.00288,1.27143
740.29900,-0.00230,0.00592,0.00247,1.23333
740.36200,-0.00230,0.00592,0.00247,1.23333
740.42400,-0.00247,0.00592,0.00255,1.24194
740.48600,-0.00230,0.00576,0.00243,1.23684
740.55000,-0.00230,0.00592,0.00247,1.23333
740.61200,-0.00230,0.00576,0.00243,1.23684
740.67400,-0.00206,0.00576,0.00231,1.22277
740.73700,-0.00214,0.00576,0.00235,1.22763
740.80000,-0.00132,0.00576,0.00194,1.16981
740.86200,-0.00115,0.00576,0.00185,1.15517
740.92500,-0.00132,0.00576,0.00194,1.16981
740.98700,-0.00148,0.00576,0.00202,1.18326
741.05000,-0.00115,0.00576,0.00185,1.15517
741.11200,-0.00132,0.00559,0.00190,1.17308
741.17500,-0.00181,0.00543,0.00211,1.21429
741.23700,-0.00115,0.00576,0.00185,1.15517
741.30000,-0.00066,0.00592,0.00164,1.10000
741.36200,-0.00082,0.00592,0.00173,1.11905
741.42500,-0.00049,0.00576,0.00153,1.08084
741.48700,-0.00066,0.00592,0.00164,1.10000
741.55000,-0.00082,0.00592,0.00173,1.11905
741.61200,-0.00033,0.00559,0.00141,1.05844
741.67700,0.00016,0.00543,0.00112,0.96341
741.73900,-0.00049,0.00534,0.00143,1.08599
741.80100,-0.00016,0.00543,0.00129,1.03191
741.86900,-0.00033,0.00526,0.00133,1.06164
741.92700,0.00000,0.00543,0.00121,NaN
741.99000,0.00000,0.00526,0.00117,NaN
742.04800,0.00115,0.00559,0.00067,0.56849
742.11200,0.00033,0.00559,0.00108,0.92373
742.17400,0.00016,0.00576,0.00120,0.96565
742.23700,0.00115,0.00559,0.00067,0.56849
742.30000,0.00016,0.00559,0.00116,0.96457
742.36000,0.00148,0.00493,0.00036,-0.03846
742.42400,0.00049,0.00576,0.00103,0.88053
742.48600,0.00090,0.00592,0.00086,0.73810
742.54800,-0.00049,0.00592,0.00156,1.07895
742.61100,-0.01554,0.00839,0.00963,1.40327
742.67900,-0.02779,0.00970,0.01605,1.43284
742.73600,-0.04308,0.01167,0.02414,1.44625
742.79900,-0.05295,0.01299,0.02936,1.45084
742.86200,-0.06405,0.01414,0.03517,1.45532
742.92400,-0.07548,0.01447,0.04095,1.46074
743.03100,-0.08353,0.01447,0.04498,1.46426
743.09200,-0.09669,0.01431,0.05152,1.46915
743.15500,-0.10327,0.01431,0.05481,1.47100
743.22000,-0.11182,0.01414,0.05905,1.47339
743.27900,-0.12398,0.01299,0.06488,1.47775
743.30100,-0.13254,0.01266,0.06908,1.47964
743.36400,-0.14569,0.01184,0.07548,1.48257
743.42700,-0.15457,0.01085,0.07970,1.48487
743.48800,-0.16493,0.01052,0.08480,1.48621
743.55100,-0.17858,0.00954,0.09141,1.48841
743.61400,-0.18861,0.00839,0.09617,1.49031
743.67900,-0.20357,0.00707,0.10336,1.49240
743.73600,-0.21640,0.00592,0.10951,1.49399
743.79800,-0.22618,0.00493,0.11419,1.49520
743.86200,-0.24435,0.00444,0.12316,1.49599
743.92300,-0.25718,0.00263,0.12917,1.49774
743.98600,-0.27403,0.00115,0.13727,1.49907
744.04700,-0.29039,-0.00016,0.14516,1.50013
744.11100,-0.30273,-0.00132,0.15107,1.50097
744.17300,-0.32394,-0.00280,0.16135,1.50193
744.23600,-0.33857,-0.00395,0.16841,1.50260
744.29800,-0.35370,-0.00477,0.17579,1.50301
744.36000,-0.37574,-0.00543,0.18666,1.50323
744.42300,-0.38840,-0.00658,0.19274,1.50379
744.48600,-0.41093,-0.00773,0.20375,1.50421
744.54800,-0.43049,-0.00904,0.21324,1.50471
744.61200,-0.44792,-0.01020,0.22170,1.50511
744.67400,-0.42819,-0.00937,0.21201,1.50491
744.73600,-0.40468,-0.00806,0.20055,1.50446
744.80700,-0.38486,-0.00707,0.19086,1.50412
744.86300,-0.35576,-0.00477,0.17682,1.50300
744.92800,-0.33792,-0.00345,0.16819,1.50228
744.98800,-0.31177,-0.00148,0.15556,1.50106
745.05000,-0.29171,0.00033,0.14593,1.49975
745.11000,-0.27296,0.00181,0.13688,1.49853
745.17400,-0.24863,0.00395,0.12519,1.49650
745.23700,-0.23498,0.00543,0.11870,1.49492
745.29900,-0.21410,0.00724,0.10866,1.49260
745.36100,-0.19568,0.00888,0.09981,1.49012
745.42400,-0.18071,0.01118,0.09284,1.48662
745.48700,-0.16213,0.01266,0.08388,1.48323
745.54900,-0.15079,0.01398,0.07850,1.48022
745.61200,-0.13714,0.01529,0.07197,1.47639
745.67400,-0.12185,0.01611,0.06450,1.47224
745.74000,-0.11165,0.01644,0.05948,1.46928
745.79900,-0.09570,0.01677,0.05158,1.46387
745.86200,-0.08567,0.01759,0.04675,1.45818
745.92400,-0.07326,0.01677,0.04036,1.45382
745.98700,-0.05607,0.01463,0.03129,1.44803
746.04900,-0.04292,0.01250,0.02424,1.44271
746.11100,-0.02434,0.00987,0.01436,1.42366
746.17300,-0.01052,0.00707,0.00683,1.38503
746.23700,-0.00855,0.00724,0.00588,1.36335
746.29800,-0.00839,0.00707,0.00576,1.36371
746.36100,-0.00806,0.00691,0.00556,1.36207
746.42400,-0.00674,0.00707,0.00494,1.34104
746.48600,-0.00691,0.00724,0.00506,1.34116
746.54800,-0.00576,0.00691,0.00441,1.32609
746.61200,-0.00576,0.00641,0.00430,1.33439
746.67300,-0.00576,0.00674,0.00438,1.32881
746.73600,-0.00477,0.00682,0.00390,1.30562
746.79800,-0.00460,0.00625,0.00369,1.31188
746.86100,-0.00460,0.00608,0.00365,1.31500
746.92300,-0.00444,0.00592,0.00354,1.31395
746.98700,-0.00395,0.00608,0.00333,1.29670
747.04800,-0.00444,0.00592,0.00354,1.31395
747.11200,-0.00378,0.00592,0.00321,1.29487
747.17300,-0.00345,0.00592,0.00304,1.28378
747.23600,-0.00329,0.00592,0.00296,1.27778
747.29900,-0.00329,0.00592,0.00296,1.27778
747.36200,-0.00329,0.00592,0.00296,1.27778
747.42300,-0.00329,0.00592,0.00296,1.27778
747.48600,-0.00312,0.00592,0.00288,1.27143
747.54800,-0.00263,0.00576,0.00259,1.25352
747.61200,-0.00280,0.00559,0.00264,1.26471
747.67400,-0.00263,0.00559,0.00256,1.25714
747.74100,-0.00263,0.00543,0.00252,1.26087
747.80000,-0.00263,0.00543,0.00252,1.26087
747.86200,-0.00247,0.00559,0.00248,1.24908
747.92600,-0.00263,0.00543,0.00252,1.26087
747.98800,-0.00247,0.00543,0.00244,1.25281
748.05000,-0.00214,0.00559,0.00231,1.23123
748.11000,-0.00214,0.00576,0.00235,1.22763
748.17400,-0.00222,0.00559,0.00235,1.23592
748.24400,-0.00197,0.00559,0.00223,1.22131
748.29800,-0.00115,0.00592,0.00189,1.15217
748.36100,-0.00082,0.00592,0.00173,1.11905
748.42400,-0.00099,0.00592,0.00181,1.13636
748.48500,-0.00099,0.00592,0.00181,1.13636
748.54800,-0.00164,0.00576,0.00210,1.19565
748.61200,-0.00099,0.00576,0.00177,1.13918
748.67300,-0.00099,0.00559,0.00174,1.14211
748.73600,-0.00115,0.00559,0.00182,1.15829
748.79900,-0.00099,0.00559,0.00174,1.14211
748.86100,-0.00082,0.00559,0.00165,1.12431
748.92400,0.00016,0.00592,0.00123,0.96667
748.98600,-0.00082,0.00592,0.00173,1.11905
749.04800,0.00033,0.00559,0.00108,0.92373
749.11200,-0.00016,0.00559,0.00132,1.03103
749.17200,-0.00016,0.00559,0.00132,1.03103
749.23500,0.00000,0.00559,0.00124,NaN
749.29900,0.00000,0.00559,0.00124,NaN
749.36200,0.00000,0.00543,0.00121,NaN
749.42300,0.00033,0.00576,0.00111,0.92623
749.48700,0.00033,0.00592,0.00115,0.92857
749.54800,-0.00066,0.00608,0.00168,1.09783
749.61200,-0.01694,0.00839,0.01033,1.40981
749.67300,-0.02828,0.01044,0.01646,1.42952
749.73600,-0.04407,0.01200,0.02470,1.44601
749.79800,-0.05377,0.01332,0.02985,1.45041
749.86100,-0.06347,0.01414,0.03488,1.45495
749.92300,-0.07597,0.01463,0.04124,1.46057
749.98600,-0.08419,0.01496,0.04542,1.46340
750.04800,-0.09619,0.01496,0.05142,1.46767
750.11200,-0.10392,0.01447,0.05518,1.47086
750.17400,-0.11231,0.01463,0.05941,1.47263
750.23600,-0.12415,0.01348,0.06507,1.47698
750.29900,-0.13319,0.01315,0.06952,1.47898
750.36200,-0.14561,0.01217,0.07551,1.48209
750.42400,-0.15490,0.01102,0.07990,1.48468
750.48500,-0.16378,0.01085,0.08430,1.48570
750.54800,-0.17907,0.00954,0.09165,1.48844
750.61100,-0.19058,0.00822,0.09712,1.49059
750.67500,-0.20439,0.00691,0.10373,1.49260
750.73800,-0.21821,0.00559,0.11035,1.49437
750.79900,-0.22700,0.00493,0.11460,1.49522
750.86200,-0.24386,0.00411,0.12284,1.49628
750.92500,-0.25734,0.00296,0.12933,1.49746
750.98900,-0.27231,0.00099,0.13637,1.49920
751.04800,-0.29220,-0.00033,0.14603,1.50025
751.11100,-0.30412,-0.00148,0.15173,1.50108
751.17300,-0.32419,-0.00263,0.16151,1.50181
751.23600,-0.33890,-0.00395,0.16857,1.50260
751.29800,-0.35370,-0.00444,0.17586,1.50281
751.36200,-0.37475,-0.00526,0.18621,1.50314
751.42400,-0.38741,-0.00641,0.19228,1.50371
751.48600,-0.40714,-0.00756,0.20189,1.50416
751.54800,-0.43132,-0.00888,0.21368,1.50462
751.61100,-0.44858,-0.01003,0.22206,1.50502
751.67200,-0.42918,-0.00904,0.21258,1.50473
751.73700,-0.40854,-0.00806,0.20248,1.50442
751.80300,-0.38601,-0.00674,0.19151,1.50391
751.86200,-0.35781,-0.00460,0.17788,1.50288
751.92300,-0.34120,-0.00329,0.16987,1.50215
751.98800,-0.31596,-0.00148,0.15765,1.50104
752.04900,-0.29286,0.00049,0.14654,1.49963
752.11200,-0.27411,0.00197,0.13750,1.49841
752.17500,-0.24978,0.00411,0.12580,1.49637
752.23800,-0.23629,0.00543,0.11935,1.49495
752.30200,-0.21656,0.00724,0.10989,1.49268
752.36200,-0.19798,0.00872,0.10093,1.49041
752.42400,-0.18433,0.01102,0.09461,1.48706
752.48800,-0.16444,0.01266,0.08503,1.48346
752.54800,-0.15309,0.01398,0.07965,1.48050
752.61300,-0.13878,0.01529,0.07279,1.47666
752.67300,-0.12267,0.01644,0.06499,1.47189
752.73800,-0.11280,0.01677,0.06013,1.46901
752.81800,-0.09784,0.01710,0.05272,1.46396
752.86200,-0.08682,0.01792,0.04739,1.45798
752.92300,-0.07490,0.01710,0.04125,1.45394
752.98600,-0.05837,0.01447,0.03240,1.45038
753.04900,-0.04621,0.01283,0.02595,1.44509
753.11300,-0.02697,0.01069,0.01586,1.42512
753.17400,-0.01102,0.00724,0.00712,1.38703
753.23700,-0.00970,0.00707,0.00642,1.37767
753.30000,-0.00872,0.00707,0.00593,1.36749
753.36100,-0.00872,0.00707,0.00593,1.36749
753.42500,-0.00724,0.00707,0.00519,1.34859
753.48600,-0.00724,0.00707,0.00519,1.34859
753.54900,-0.00608,0.00625,0.00443,1.34330
753.61300,-0.00724,0.00658,0.00508,1.35612
753.76800,-0.00625,0.00608,0.00448,1.34898
753.78000,-0.00707,0.00576,0.00481,1.36717
753.80200,-0.00625,0.00543,0.00433,1.36076
753.86500,-0.00608,0.00576,0.00432,1.35201
753.92700,-0.00526,0.00576,0.00391,1.33645
753.99100,-0.00493,0.00567,0.00373,1.33088
754.05000,-0.00477,0.00592,0.00370,1.32222
754.11200,-0.00477,0.00592,0.00370,1.32222
754.17400,-0.00444,0.00592,0.00354,1.31395
754.23700,-0.00345,0.00592,0.00304,1.28378
754.30000,-0.00395,0.00592,0.00329,1.30000
754.36100,-0.00345,0.00592,0.00304,1.28378
754.42400,-0.00362,0.00592,0.00312,1.28947
754.48700,-0.00345,0.00592,0.00304,1.28378
754.55000,-0.00329,0.00592,0.00296,1.27778
754.61200,-0.00345,0.00592,0.00304,1.28378
754.67400,-0.00329,0.00576,0.00292,1.28125
754.73600,-0.00345,0.00559,0.00297,1.29077
754.80800,-0.00280,0.00559,0.00264,1.26471
754.86100,-0.00263,0.00559,0.00256,1.25714
754.92400,-0.00247,0.00576,0.00251,1.24545
754.98600,-0.00230,0.00576,0.00243,1.23684
755.04900,-0.00263,0.00559,0.00256,1.25714
755.11200,-0.00263,0.00543,0.00252,1.26087
755.17600,-0.00247,0.00559,0.00248,1.24908
755.23600,-0.00263,0.00576,0.00259,1.25352
755.30000,-0.00197,0.00576,0.00227,1.21774
755.36100,-0.00115,0.00592,0.00189,1.15217
755.42500,-0.00156,0.00576,0.00206,1.18958
755.48600,-0.00132,0.00576,0.00194,1.16981
755.54900,-0.00214,0.00592,0.00238,1.22414
755.61100,-0.00099,0.00592,0.00181,1.13636
755.67500,-0.00132,0.00592,0.00197,1.16667
755.73600,-0.00099,0.00592,0.00181,1.13636
755.80000,-0.00099,0.00576,0.00177,1.13918
755.86100,-0.00115,0.00592,0.00189,1.15217
755.92200,-0.00066,0.00576,0.00161,1.10227
755.98400,-0.00115,0.00576,0.00185,1.15517
756.04900,0.00000,0.00559,0.00124,NaN
756.11000,-0.00049,0.00576,0.00153,1.08084
756.17200,-0.00066,0.00576,0.00161,1.10227
756.23400,-0.00066,0.00576,0.00161,1.10227
756.29800,0.00000,0.00543,0.00121,NaN
756.36000,-0.00099,0.00559,0.00174,1.14211
756.42200,0.00033,0.00543,0.00104,0.92105
756.48400,0.00000,0.00592,0.00132,NaN
756.54800,-0.00115,0.00592,0.00189,1.15217
756.63300,-0.01792,0.00789,0.01072,1.41816
756.67400,-0.02960,0.01020,0.01706,1.43362
756.73700,-0.04555,0.01167,0.02537,1.44887
756.80100,-0.05607,0.01283,0.03089,1.45386
756.86400,-0.06479,0.01398,0.03550,1.45625
756.92300,-0.07745,0.01480,0.04201,1.46086
756.98600,-0.08518,0.01546,0.04602,1.46268
757.04700,-0.09669,0.01513,0.05171,1.46749
757.11000,-0.10557,0.01447,0.05600,1.47129
757.17200,-0.11215,0.01447,0.05929,1.47288
757.23500,-0.12505,0.01365,0.06556,1.47687
757.29900,-0.13434,0.01332,0.07013,1.47890
757.36200,-0.14585,0.01200,0.07559,1.48236
757.42200,-0.15671,0.01102,0.08080,1.48485
757.48400,-0.16493,0.01102,0.08491,1.48558
757.54900,-0.17923,0.00987,0.09181,1.48806
757.61000,-0.19058,0.00855,0.09719,1.49022
757.67200,-0.20308,0.00707,0.10311,1.49238
757.73400,-0.21903,0.00576,0.11079,1.49423
757.79800,-0.22873,0.00477,0.11542,1.49541
757.86000,-0.24386,0.00444,0.12292,1.49599
757.92200,-0.25816,0.00296,0.12974,1.49747
757.98400,-0.27231,0.00197,0.13659,1.49839
758.04800,-0.29122,0.00000,0.14561,1.50000
758.11000,-0.30256,-0.00049,0.15117,1.50036
758.17200,-0.32147,-0.00247,0.16019,1.50171
758.23400,-0.33874,-0.00378,0.16853,1.50249
758.29800,-0.35469,-0.00411,0.17643,1.50259
758.35900,-0.37606,-0.00526,0.18686,1.50313
758.42200,-0.38840,-0.00641,0.19277,1.50370
758.48400,-0.40599,-0.00756,0.20132,1.50417
758.54800,-0.42901,-0.00872,0.21257,1.50456
758.61100,-0.44727,-0.01003,0.22140,1.50503
758.67300,-0.43082,-0.00937,0.21333,1.50488
758.73400,-0.40969,-0.00773,0.20313,1.50423
758.79800,-0.38741,-0.00658,0.19224,1.50380
758.86000,-0.36159,-0.00510,0.17966,1.50315
758.92400,-0.34236,-0.00312,0.17048,1.50204
758.98400,-0.31983,-0.00197,0.15948,1.50137
759.04800,-0.29598,0.00033,0.14807,1.49975
759.10900,-0.27921,0.00181,0.14001,1.49856
759.17200,-0.25438,0.00411,0.12810,1.49643
759.23400,-0.23901,0.00543,0.12071,1.49501
759.29800,-0.21862,0.00707,0.11088,1.49291
759.36000,-0.20004,0.00855,0.10192,1.49068
759.42300,-0.18598,0.01003,0.09522,1.48830
759.48400,-0.16608,0.01233,0.08578,1.48403
759.54800,-0.15342,0.01332,0.07967,1.48142
759.61100,-0.14141,0.01463,0.07396,1.47801
759.67400,-0.12514,0.01628,0.06619,1.47267
759.73600,-0.11511,0.01644,0.06121,1.47015
759.79900,-0.09965,0.01743,0.05370,1.46393
759.86300,-0.08838,0.01776,0.04814,1.45901
759.92300,-0.07761,0.01759,0.04272,1.45423
759.98600,-0.06035,0.01529,0.03357,1.44939
760.04700,-0.04769,0.01315,0.02677,1.44539
760.10900,-0.03042,0.01167,0.01780,1.42714
760.17200,-0.01217,0.00773,0.00780,1.38993
760.23500,-0.01052,0.00724,0.00687,1.38298
760.29900,-0.00937,0.00707,0.00626,1.37445
760.36000,-0.00839,0.00707,0.00576,1.36371
760.42200,-0.00806,0.00724,0.00564,1.35737
760.48400,-0.00740,0.00707,0.00527,1.35095
760.54700,-0.00691,0.00724,0.00506,1.34116
760.61000,-0.00691,0.00724,0.00506,1.34116
760.67200,-0.00576,0.00641,0.00430,1.33439
760.73500,-0.00707,0.00674,0.00503,1.35118
760.79700,-0.00551,0.00658,0.00422,1.32665
760.86100,-0.00592,0.00658,0.00442,1.33471
760.92600,-0.00510,0.00608,0.00390,1.32670
760.98400,-0.00510,0.00608,0.00390,1.32670
761.04800,-0.00460,0.00608,0.00365,1.31500
761.11000,-0.00460,0.00608,0.00365,1.31500
761.17300,-0.00460,0.00608,0.00365,1.31500
761.23500,-0.00411,0.00592,0.00337,1.30488
761.29800,-0.00444,0.00608,0.00357,1.31074
761.36000,-0.00362,0.00592,0.00312,1.28947
761.42400,-0.00444,0.00592,0.00354,1.31395
761.48400,-0.00362,0.00592,0.00312,1.28947
761.54700,-0.00345,0.00592,0.00304,1.28378
761.60900,-0.00345,0.00592,0.00304,1.28378
761.67300,-0.00345,0.00592,0.00304,1.28378
761.73500,-0.00345,0.00576,0.00301,1.28723
761.79800,-0.00329,0.00584,0.00294,1.27950
761.85900,-0.00312,0.00592,0.00288,1.27143
761.92300,-0.00312,0.00576,0.00284,1.27492
761.98500,-0.00296,0.00592,0.00280,1.26471
762.04800,-0.00263,0.00592,0.00263,1.25000
762.11000,-0.00247,0.00592,0.00255,1.24194
762.17200,-0.00987,0.00115,0.00519,1.47535
762.23500,-0.00510,0.00115,0.00280,1.45440
762.29700,-0.00954,0.00197,0.00521,1.45789
762.35900,-0.00724,0.00099,0.00384,1.47143
762.42300,-0.00608,0.00115,0.00330,1.46122
762.48400,-0.00855,0.00181,0.00468,1.45703
762.54800,-0.00608,0.00033,0.00312,1.48827
762.61000,-0.00740,0.00115,0.00396,1.46767
762.67200,-0.00724,0.00099,0.00384,1.47143
762.73600,-0.00658,0.00099,0.00351,1.46875
762.80000,-0.00740,0.00099,0.00392,1.47203
762.86000,-0.00658,0.00099,0.00351,1.46875
762.92500,-0.00707,0.00099,0.00375,1.47080
762.98700,-0.00674,0.00099,0.00359,1.46947
763.04900,-0.00707,0.00082,0.00372,1.47543
763.11000,-0.00625,0.00132,0.00342,1.45722
763.17400,-0.00608,0.00132,0.00333,1.45616
763.23600,-0.00608,0.00132,0.00333,1.45616
763.29700,-0.00592,0.00132,0.00325,1.45506
763.36000,-0.00592,0.00132,0.00325,1.45506
763.42300,-0.00608,0.00132,0.00333,1.45616
763.48500,-0.00592,0.00132,0.00325,1.45506
763.54800,-0.00592,0.00132,0.00325,1.45506
763.61000,-0.00625,0.00115,0.00338,1.46216
763.67200,-0.00625,0.00099,0.00334,1.46721
763.73600,-0.00625,0.00099,0.00334,1.46721
763.79800,-0.00641,0.00082,0.00339,1.47305
763.86100,-0.00658,0.00082,0.00347,1.47368
763.92400,-0.00625,0.00099,0.00334,1.46721
763.98500,-0.00608,0.00115,0.00330,1.46122
764.04700,-0.00592,0.00115,0.00322,1.46023
764.11100,-0.00592,0.00132,0.00325,1.45506
764.17100,-0.00592,0.00132,0.00325,1.45506
764.23500,-0.00592,0.00132,0.00325,1.45506
764.29700,-0.00592,0.00132,0.00325,1.45506
764.35900,-0.00592,0.00132,0.00325,1.45506
764.42200,-0.00592,0.00115,0.00322,1.46023
764.48400,-0.00592,0.00132,0.00325,1.45506
764.54700,-0.00592,0.00132,0.00325,1.45506
764.60900,-0.00526,0.00132,0.00292,1.45000
764.67200,-0.00559,0.00115,0.00305,1.45808
764.73500,-0.00493,0.00099,0.00269,1.45918
764.79600,-0.00510,0.00066,0.00269,1.47288
764.86100,-0.00526,0.00115,0.00289,1.45570
764.92300,-0.00510,0.00115,0.00280,1.45440
764.98700,-0.00510,0.00099,0.00277,1.46040
765.04600,-0.00576,0.00099,0.00310,1.46460
765.11000,-0.00625,0.00049,0.00323,1.48305
765.17200,-0.00526,0.00099,0.00285,1.46154
765.23600,-0.00493,0.00082,0.00265,1.46552
765.29800,-0.00493,0.00115,0.00272,1.45302
765.36000,-0.00493,0.00115,0.00272,1.45302
765.42300,-0.00493,0.00115,0.00272,1.45302
765.48500,-0.00477,0.00115,0.00264,1.45156
765.54700,-0.00493,0.00115,0.00272,1.45302
765.61000,-0.00510,0.00082,0.00273,1.46656
765.67300,-0.00510,0.00099,0.00277,1.46040
765.73500,-0.00526,0.00082,0.00281,1.46753
765.79900,-0.00526,0.00082,0.00281,1.46753
765.86100,-0.00526,0.00082,0.00281,1.46753
765.92200,-0.00526,0.00090,0.00283,1.46452
765.98800,-0.00526,0.00082,0.00281,1.46753
766.04800,-0.00510,0.00082,0.00273,1.46656
766.11000,-0.00477,0.00115,0.00264,1.45156
