0.00400,-0.00197,-0.00016,0.00095,1.51923
0.12200,-0.00280,-0.00016,0.00136,1.51342
0.15900,-0.00230,0.00033,0.00122,1.47015
0.22100,-0.00181,0.00016,0.00094,1.48058
0.28400,-0.00164,0.00016,0.00086,1.47872
0.34600,-0.00230,0.00049,0.00126,1.45652
0.40800,-0.00230,0.00000,0.00115,1.50000
0.47100,-0.00214,0.00016,0.00111,1.48347
0.53400,-0.00214,0.00016,0.00111,1.48347
0.59600,-0.00181,0.00016,0.00094,1.48058
0.66000,-0.00214,0.00049,0.00118,1.45349
0.72100,-0.00247,0.00000,0.00123,1.50000
0.78300,-0.00263,0.00000,0.00132,1.50000
0.84700,-0.00263,0.00000,0.00132,1.50000
0.90800,-0.00230,0.00016,0.00119,1.48462
0.97000,-0.00148,0.00033,0.00081,1.45506
1.03300,-0.00214,0.00033,0.00114,1.46800
1.09600,-0.00214,0.00000,0.00107,1.50000
1.15800,-0.00164,0.00033,0.00090,1.45918
1.22100,-0.00132,0.00066,0.00080,1.40909
1.28400,-0.00148,0.00049,0.00085,1.43548
1.34500,-0.00214,0.00033,0.00114,1.46800
1.40900,-0.00164,0.00016,0.00086,1.47872
1.47200,-0.00164,0.00049,0.00093,1.44118
1.53400,-0.00230,0.00033,0.00122,1.47015
1.59700,-0.00230,0.00033,0.00122,1.47015
1.65900,-0.00214,0.00033,0.00114,1.46800
1.72100,-0.00230,0.00033,0.00122,1.47015
1.78400,-0.00214,0.00033,0.00114,1.46800
1.84600,-0.00230,0.00033,0.00122,1.47015
1.91000,-0.00230,0.00033,0.00122,1.47015
1.97100,-0.00230,0.00016,0.00119,1.48462
2.03400,-0.00164,0.00033,0.00090,1.45918
2.09700,-0.00132,0.00016,0.00069,1.47368
2.16000,-0.00148,0.00016,0.00078,1.47647
2.22100,-0.00230,0.00016,0.00119,1.48462
2.28500,-0.00214,0.00016,0.00111,1.48347
2.34600,-0.00230,0.00016,0.00119,1.48462
2.40900,-0.00164,0.00049,0.00093,1.44118
2.47100,-0.00230,0.00033,0.00122,1.47015
2.53500,-0.00214,0.00033,0.00114,1.46800
2.59700,-0.00230,0.00000,0.00115,1.50000
2.66200,-0.00263,0.00000,0.00132,1.50000
2.72200,-0.00263,0.00016,0.00135,1.48649
2.78700,-0.00247,0.00000,0.00123,1.50000
2.84700,-0.00247,0.00000,0.00123,1.50000
2.91000,-0.00263,0.00000,0.00132,1.50000
3.00100,-0.00312,-0.00066,0.00142,1.55161
3.03600,-0.00280,-0.00016,0.00136,1.51342
3.09700,-0.00280,0.00000,0.00140,1.50000
3.15900,-0.00181,0.00016,0.00094,1.48058
3.22200,-0.00197,0.00016,0.00102,1.48214
3.28500,-0.00148,0.00049,0.00085,1.43548
3.34700,-0.00132,0.00016,0.00069,1.47368
3.40900,-0.00214,0.00033,0.00114,1.46800
3.47200,-0.00214,0.00033,0.00114,1.46800
3.53400,-0.00148,0.00016,0.00078,1.47647
3.59800,-0.00214,0.00033,0.00114,1.46800
3.66000,-0.00197,0.00033,0.00106,1.46552
3.72300,-0.00247,0.00016,0.00127,1.48561
3.78500,-0.00214,0.00000,0.00107,1.50000
3.84700,-0.00263,-0.00008,0.00130,1.50704
3.91000,-0.00247,0.00016,0.00127,1.48561
3.97200,-0.00230,0.00000,0.00115,1.50000
4.03600,-0.00197,0.00000,0.00099,1.50000
4.09800,-0.00247,0.00016,0.00127,1.48561
4.16100,-0.00148,0.00016,0.00078,1.47647
4.22100,-0.00148,0.00016,0.00078,1.47647
4.28400,-0.00164,0.00049,0.00093,1.44118
4.34600,-0.00132,0.00016,0.00069,1.47368
4.41000,-0.00148,0.00033,0.00081,1.45506
4.47100,-0.00156,0.00016,0.00082,1.47765
4.53500,-0.00148,0.00016,0.00078,1.47647
4.59700,-0.00132,0.00049,0.00077,1.42857
4.65900,-0.00148,0.00016,0.00078,1.47647
4.72100,-0.00214,0.00033,0.00114,1.46800
4.78500,-0.00214,0.00016,0.00111,1.48347
4.84700,-0.00148,0.00033,0.00081,1.45506
4.91000,-0.00148,0.00033,0.00081,1.45506
4.97100,-0.00132,0.00033,0.00073,1.45000
5.03400,-0.00247,0.00016,0.00127,1.48561
5.09600,-0.00148,0.00016,0.00078,1.47647
5.15900,-0.00181,0.00033,0.00098,1.46262
5.22100,-0.00164,0.00033,0.00090,1.45918
5.28400,-0.00271,0.00099,0.00158,1.43043
5.34600,-0.00296,-0.00049,0.00137,1.54000
5.41100,0.00000,0.00000,0.00000,NaN
5.47100,-0.00395,0.00099,0.00219,1.45000
5.53400,-0.00016,0.00016,0.00012,1.34615
5.59600,-0.00247,0.00000,0.00123,1.50000
5.66200,-0.00230,0.00115,0.00141,1.40909
5.72100,-0.00099,-0.00115,0.00024,2.03846
5.78800,0.00099,-0.00016,-0.00053,1.46552
5.84700,-0.00312,0.00082,0.00174,1.44764
5.91200,-0.00230,0.00025,0.00121,1.47727
5.97300,-0.00041,-0.00016,0.00017,1.60811
6.03600,-0.00164,0.00033,0.00090,1.45918
6.09800,0.00033,-0.00082,-0.00035,1.23684
6.16100,-0.00740,0.00247,0.00425,1.43548
6.22200,0.00164,-0.00049,-0.00093,1.44118
6.28500,-0.00296,0.00049,0.00159,1.46552
6.34800,-0.00148,0.00049,0.00085,1.43548
6.41000,-0.00099,0.00049,0.00060,1.40909
6.47300,-0.00502,0.00148,0.00284,1.44203
6.53600,0.00049,-0.00181,-0.00065,1.19014
6.59700,-0.00115,0.00156,0.00092,1.31188
6.66000,-0.00444,0.00115,0.00248,1.44834
6.72200,0.00493,-0.00148,-0.00280,1.44118
6.78600,-0.00543,0.00197,0.00315,1.43043
6.84800,-0.00132,0.00016,0.00069,1.47368
6.91100,-0.00066,0.00000,0.00033,1.50000
6.97500,-0.00395,0.00181,0.00238,1.41538
7.03700,-0.00016,0.00000,0.00008,1.50000
7.09900,-0.00263,0.00016,0.00135,1.48649
7.16300,-0.00164,0.00016,0.00086,1.47872
7.22400,-0.00164,0.00049,0.00093,1.44118
7.28700,-0.00099,0.00033,0.00057,1.43548
7.35000,-0.00132,0.00033,0.00073,1.45000
7.41200,-0.00230,0.00033,0.00122,1.47015
7.47400,-0.00099,0.00033,0.00057,1.43548
7.53700,-0.00214,0.00049,0.00118,1.45349
7.59900,-0.00132,0.00066,0.00080,1.40909
7.66200,-0.00082,0.00033,0.00048,1.42453
7.72400,-0.00230,0.00099,0.00137,1.42000
7.78700,-0.00189,0.00000,0.00095,1.50000
7.84900,-0.00132,0.00049,0.00077,1.42857
7.91200,-0.00214,0.00033,0.00114,1.46800
7.97500,-0.00115,0.00049,0.00069,1.42000
8.03700,-0.00148,0.00033,0.00081,1.45506
8.10000,-0.00132,0.00049,0.00077,1.42857
8.16300,-0.00214,0.00033,0.00114,1.46800
8.22400,-0.00132,0.00049,0.00077,1.42857
8.28700,-0.00132,0.00033,0.00073,1.45000
8.35000,-0.00107,0.00049,0.00064,1.41489
8.41300,-0.00247,0.00033,0.00131,1.47203
8.47500,0.00033,0.00033,-0.00009,1.90000
8.53600,-0.00247,0.00115,0.00149,1.41411
8.59900,-0.00148,0.00016,0.00078,1.47647
8.66300,-0.00148,0.00016,0.00078,1.47647
8.72400,-0.00263,0.00082,0.00150,1.43902
8.78700,-0.00148,0.00000,0.00074,1.50000
8.84900,-0.00181,0.00016,0.00094,1.48058
8.91300,-0.00164,0.00000,0.00082,1.50000
8.97400,-0.00164,0.00000,0.00082,1.50000
9.03700,-0.00263,0.00016,0.00135,1.48649
9.10000,-0.00230,0.00033,0.00122,1.47015
9.16100,-0.00099,0.00033,0.00057,1.43548
9.22400,-0.00230,0.00099,0.00137,1.42000
9.28700,-0.00132,0.00033,0.00073,1.45000
9.35000,-0.00132,0.00049,0.00077,1.42857
9.41200,-0.00115,0.00082,0.00076,1.37952
9.47400,-0.00132,0.00066,0.00080,1.40909
9.53700,-0.00214,0.00033,0.00114,1.46800
9.59900,-0.00115,0.00033,0.00065,1.44366
9.66100,-0.00132,0.00049,0.00077,1.42857
9.72500,-0.00362,0.00049,0.00192,1.47143
9.78700,-0.00049,0.00016,0.00028,1.43548
9.85000,-0.00181,0.00115,0.00116,1.38976
9.91100,-0.00247,0.00049,0.00134,1.45918
9.97500,-0.00058,0.00000,0.00029,1.50000
10.03700,-0.00132,0.00132,0.00095,1.34615
10.10100,-0.00345,0.00140,0.00204,1.42377
10.16100,-0.00107,0.00016,0.00057,1.46800
10.22500,-0.00214,0.00090,0.00127,1.42086
10.28600,-0.00230,0.00025,0.00121,1.47727
10.34900,-0.00148,0.00016,0.00078,1.47647
10.41300,-0.00197,0.00115,0.00124,1.39706
10.47500,-0.00132,0.00049,0.00077,1.42857
10.53700,-0.00189,0.00033,0.00102,1.46413
10.60000,-0.00115,0.00033,0.00065,1.44366
10.66000,-0.00164,0.00049,0.00093,1.44118
10.72300,-0.00148,0.00033,0.00081,1.45506
10.78500,-0.00148,0.00033,0.00081,1.45506
10.84900,-0.00206,0.00033,0.00110,1.46680
10.91000,-0.00132,0.00016,0.00069,1.47368
10.97200,-0.00132,0.00033,0.00073,1.45000
11.03500,-0.00148,0.00016,0.00078,1.47647
11.09700,-0.00148,0.00000,0.00074,1.50000
11.16100,-0.00148,0.00016,0.00078,1.47647
11.22300,-0.00132,0.00016,0.00069,1.47368
11.28500,-0.00132,0.00016,0.00069,1.47368
11.34700,-0.00115,0.00016,0.00061,1.47015
11.41000,-0.00115,0.00016,0.00061,1.47015
11.47300,-0.00132,0.00016,0.00069,1.47368
11.53400,-0.00115,0.00016,0.00061,1.47015
11.59700,-0.00148,0.00016,0.00078,1.47647
11.66100,-0.00132,0.00016,0.00069,1.47368
11.72300,-0.00148,0.00000,0.00074,1.50000
11.78500,-0.00164,-0.00016,0.00079,1.52326
11.84800,-0.00164,-0.00008,0.00080,1.51136
11.91000,-0.00164,-0.00016,0.00079,1.52326
11.97300,-0.00148,0.00000,0.00074,1.50000
12.04300,-0.00148,0.00000,0.00074,1.50000
12.09700,-0.00115,0.00016,0.00061,1.47015
12.16000,-0.00115,0.00033,0.00065,1.44366
12.22400,-0.00115,0.00033,0.00065,1.44366
12.28600,-0.00132,0.00016,0.00069,1.47368
12.34800,-0.00132,0.00016,0.00069,1.47368
12.40900,-0.00148,0.00016,0.00078,1.47647
12.47300,-0.00148,0.00033,0.00081,1.45506
12.53600,-0.00132,0.00016,0.00069,1.47368
12.59700,-0.00132,0.00033,0.00073,1.45000
12.66100,-0.00132,0.00033,0.00073,1.45000
12.72300,-0.00132,0.00016,0.00069,1.47368
12.78500,-0.00148,0.00000,0.00074,1.50000
12.84800,-0.00181,0.00016,0.00094,1.48058
12.91000,-0.00148,0.00000,0.00074,1.50000
12.97200,-0.00148,0.00016,0.00078,1.47647
13.03600,-0.00148,0.00016,0.00078,1.47647
13.09700,-0.00164,0.00000,0.00082,1.50000
13.16000,-0.00164,0.00016,0.00086,1.47872
13.22300,-0.00148,0.00016,0.00078,1.47647
13.28500,-0.00132,0.00033,0.00073,1.45000
13.34800,-0.00132,0.00016,0.00069,1.47368
13.40900,-0.00132,0.00033,0.00073,1.45000
13.47200,-0.00132,0.00016,0.00069,1.47368
13.53500,-0.00132,0.00033,0.00073,1.45000
13.59800,-0.00115,0.00033,0.00065,1.44366
13.65900,-0.00132,0.00033,0.00073,1.45000
0.00200,-0.00132,0.00115,0.00091,1.36000
0.08800,-0.00115,0.00132,0.00087,1.33158
0.15100,-0.00132,0.00099,0.00088,1.37500
0.21300,-0.00132,0.00115,0.00091,1.36000
0.27600,-0.00148,0.00099,0.00096,1.38571
0.33700,-0.00148,0.00099,0.00096,1.38571
0.40000,-0.00148,0.00115,0.00100,1.37156
0.46500,-0.00148,0.00082,0.00092,1.40099
0.52600,-0.00164,0.00099,0.00104,1.39474
0.58800,-0.00148,0.00082,0.00092,1.40099
0.65200,-0.00164,0.00082,0.00100,1.40909
0.71300,-0.00148,0.00082,0.00092,1.40099
0.77500,-0.00132,0.00115,0.00091,1.36000
0.83900,-0.00132,0.00049,0.00077,1.42857
0.90200,-0.00132,0.00082,0.00084,1.39130
0.96500,-0.00115,0.00066,0.00072,1.39873
1.02600,-0.00115,0.00049,0.00069,1.42000
1.08900,-0.00115,0.00066,0.00072,1.39873
1.15200,-0.00115,0.00132,0.00087,1.33158
1.21300,-0.00115,0.00049,0.00069,1.42000
1.27600,-0.00115,0.00099,0.00079,1.36207
1.33900,-0.00132,0.00049,0.00077,1.42857
1.40100,-0.00148,0.00016,0.00078,1.47647
1.46300,-0.00164,0.00074,0.00099,1.41667
1.52500,-0.00148,0.00066,0.00089,1.41753
1.58900,-0.00132,0.00115,0.00091,1.36000
1.64900,-0.00132,0.00115,0.00091,1.36000
1.71300,-0.00115,0.00115,0.00083,1.34615
1.77400,-0.00115,0.00132,0.00087,1.33158
1.83600,-0.00115,0.00099,0.00079,1.36207
1.89900,-0.00115,0.00132,0.00087,1.33158
1.96200,-0.00115,0.00115,0.00083,1.34615
2.02400,-0.00115,0.00049,0.00069,1.42000
2.08600,-0.00115,0.00132,0.00087,1.33158
2.14900,-0.00115,0.00132,0.00087,1.33158
2.21100,-0.00099,0.00115,0.00075,1.32927
2.27400,-0.00115,0.00049,0.00069,1.42000
2.33700,-0.00115,0.00049,0.00069,1.42000
2.39900,-0.00115,0.00066,0.00072,1.39873
2.46200,-0.00132,0.00049,0.00077,1.42857
2.52500,-0.00132,0.00132,0.00095,1.34615
2.58700,-0.00132,0.00041,0.00075,1.43902
2.64900,-0.00132,0.00132,0.00095,1.34615
2.71200,-0.00148,0.00016,0.00078,1.47647
2.77500,-0.00132,0.00033,0.00073,1.45000
2.83700,-0.00132,0.00033,0.00073,1.45000
2.90000,-0.00115,0.00033,0.00065,1.44366
2.96200,-0.00115,0.00049,0.00069,1.42000
3.02500,-0.00115,0.00107,0.00081,1.35393
3.08600,-0.00115,0.00132,0.00087,1.33158
3.15000,-0.00115,0.00132,0.00087,1.33158
3.21100,-0.00132,0.00115,0.00091,1.36000
3.27500,-0.00140,0.00115,0.00095,1.36603
3.33700,-0.00132,0.00115,0.00091,1.36000
3.40000,-0.00148,0.00099,0.00096,1.38571
3.46200,-0.00148,0.00099,0.00096,1.38571
3.52600,-0.00148,0.00099,0.00096,1.38571
3.58900,-0.00148,0.00016,0.00078,1.47647
3.65300,-0.00164,0.00016,0.00086,1.47872
3.71300,-0.00132,0.00115,0.00091,1.36000
3.77600,-0.00115,0.00082,0.00076,1.37952
3.83900,-0.00115,0.00132,0.00087,1.33158
3.90100,-0.00115,0.00132,0.00087,1.33158
3.96300,-0.00115,0.00099,0.00079,1.36207
4.02600,-0.00115,0.00132,0.00087,1.33158
4.08800,-0.00115,0.00066,0.00072,1.39873
4.15100,-0.00115,0.00132,0.00087,1.33158
4.21200,-0.00115,0.00049,0.00069,1.42000
4.27600,-0.00115,0.00066,0.00072,1.39873
4.33900,-0.00115,0.00066,0.00072,1.39873
4.40100,-0.00132,0.00016,0.00069,1.47368
4.46400,-0.00132,0.00016,0.00069,1.47368
4.52700,0.00181,0.00428,0.00005,-8.89995
4.58800,0.00280,0.00477,-0.00034,3.06757
4.65100,0.00345,0.00493,-0.00063,2.36957
4.71300,0.00444,0.00559,-0.00098,2.13551
4.77600,0.00362,0.00559,-0.00057,2.59677
4.83800,0.00378,0.00477,-0.00083,2.13736
4.90000,0.00362,0.00576,-0.00053,2.70690
4.96200,0.00395,0.00543,-0.00077,2.28571
5.02600,0.00444,0.00493,-0.00112,1.98781
5.08800,0.00395,0.00493,-0.00088,2.12500
5.15100,0.00411,0.00493,-0.00096,2.07143
5.21200,0.00378,0.00543,-0.00069,2.38000
5.27500,0.00444,0.00510,-0.00109,2.02101
5.33800,0.00345,0.00559,-0.00048,2.78302
5.40100,0.00493,0.00493,-0.00137,1.90000
5.46300,0.00419,0.00559,-0.00085,2.22727
5.52600,0.00395,0.00510,-0.00084,2.17391
5.58800,0.00411,0.00477,-0.00100,2.03211
5.65000,0.00395,0.00543,-0.00077,2.28571
5.71300,0.00460,0.00477,-0.00124,1.92647
5.77600,0.00411,0.00510,-0.00092,2.11386
5.83800,0.00362,0.00526,-0.00064,2.41429
5.90000,-0.01069,0.00740,0.00699,1.38235
5.96200,-0.03059,0.01052,0.01763,1.43368
6.02600,-0.04423,0.01217,0.02482,1.44553
6.08800,-0.06150,0.01414,0.03389,1.45364
6.15000,-0.07202,0.01463,0.03926,1.45859
6.21200,-0.08436,0.01562,0.04565,1.46198
6.27600,-0.10047,0.01447,0.05345,1.46992
6.33800,-0.11050,0.01431,0.05843,1.47280
6.40100,-0.12711,0.01299,0.06644,1.47828
6.46200,-0.13895,0.01266,0.07229,1.48054
6.52600,-0.15161,0.01151,0.07836,1.48368
6.58900,-0.16978,0.01052,0.08723,1.48659
6.65200,-0.18417,0.00921,0.09413,1.48913
6.71400,-0.20226,0.00839,0.10299,1.49095
6.77700,-0.21804,0.00724,0.11063,1.49273
6.83800,-0.23284,0.00576,0.11770,1.49457
6.90100,-0.25751,0.00362,0.12956,1.49690
6.96400,-0.27675,0.00214,0.13885,1.49829
7.02600,-0.29894,0.00016,0.14951,1.49988
7.08800,-0.32197,-0.00164,0.16062,1.50114
7.15100,-0.33874,-0.00263,0.16878,1.50173
7.21200,-0.36850,-0.00444,0.18326,1.50269
7.27500,-0.38955,-0.00559,0.19353,1.50321
7.33700,-0.41224,-0.00707,0.20455,1.50384
7.40100,-0.44546,-0.00921,0.22068,1.50464
7.46300,-0.46190,-0.01003,0.22872,1.50487
7.52600,-0.49660,-0.01126,0.24579,1.50509
7.58700,-0.52356,-0.01184,0.25915,1.50508
7.65100,-0.55045,-0.01315,0.27230,1.50537
7.71300,-0.58835,-0.01431,0.29100,1.50546
7.77500,-0.60923,-0.01447,0.30140,1.50533
7.83700,-0.63661,-0.01546,0.31487,1.50545
7.90200,-0.66531,-0.01562,0.32918,1.50527
7.96300,-0.69030,-0.01595,0.34161,1.50519
8.02500,-0.68512,-0.01644,0.33891,1.50539
8.08800,-0.62634,-0.01546,0.30973,1.50554
8.15100,-0.60693,-0.01431,0.30029,1.50529
8.21200,-0.56401,-0.01315,0.27908,1.50524
8.27600,-0.53738,-0.01184,0.26606,1.50494
8.33800,-0.51386,-0.01069,0.25456,1.50467
8.40100,-0.47933,-0.00921,0.23762,1.50431
8.46200,-0.45927,-0.00822,0.22781,1.50401
8.52700,-0.42951,-0.00608,0.21340,1.50317
8.58800,-0.39958,-0.00395,0.19891,1.50220
8.65100,-0.37787,-0.00247,0.18839,1.50145
8.71200,-0.34910,-0.00115,0.17429,1.50073
8.77600,-0.32394,0.00148,0.16230,1.49899
8.83700,-0.29779,0.00345,0.14966,1.49744
8.90100,-0.26885,0.00641,0.13585,1.49475
8.96200,-0.25159,0.00822,0.12762,1.49284
9.02500,-0.22758,0.01102,0.11624,1.48947
9.08800,-0.20916,0.01348,0.10758,1.48607
9.15000,-0.19297,0.01579,0.09999,1.48246
9.21300,-0.17118,0.01759,0.08950,1.47816
9.27700,-0.15884,0.01858,0.08355,1.47529
9.33800,-0.14355,0.01973,0.07616,1.47121
9.40100,-0.12645,0.02006,0.06768,1.46707
9.46400,-0.11445,0.01990,0.06165,1.46414
9.52600,-0.09735,0.01907,0.05291,1.45994
9.59300,-0.08600,0.01891,0.04720,1.45549
9.65200,-0.07358,0.01792,0.04078,1.45116
9.71400,-0.05509,0.01677,0.03127,1.44040
9.77700,-0.04177,0.01529,0.02428,1.43002
9.83900,-0.01825,0.00987,0.01132,1.40315
9.90200,-0.01250,0.00822,0.00808,1.38688
9.96300,-0.01085,0.00839,0.00729,1.37218
10.02400,-0.01003,0.00822,0.00684,1.36649
10.08800,-0.00921,0.00839,0.00647,1.35593
10.15100,-0.00806,0.00822,0.00586,1.34399
10.21300,-0.00806,0.00773,0.00575,1.35056
10.27600,-0.00724,0.00740,0.00526,1.34375
10.33700,-0.00691,0.00724,0.00506,1.34116
10.40200,-0.00789,0.00691,0.00548,1.36000
10.46300,-0.00625,0.00674,0.00462,1.33794
10.52500,-0.00641,0.00674,0.00470,1.34078
10.58700,-0.00559,0.00691,0.00433,1.32278
10.65000,-0.00576,0.00691,0.00441,1.32609
10.71300,-0.00559,0.00674,0.00429,1.32553
10.77500,-0.00526,0.00691,0.00417,1.31579
10.83800,-0.00493,0.00699,0.00402,1.30682
10.90000,-0.00444,0.00707,0.00379,1.29277
10.96300,-0.00477,0.00691,0.00392,1.30420
11.02500,-0.00428,0.00691,0.00367,1.29104
11.08800,-0.00444,0.00691,0.00375,1.29562
11.15000,-0.00428,0.00707,0.00371,1.28818
11.21300,-0.00362,0.00691,0.00334,1.27049
11.27500,-0.00345,0.00674,0.00322,1.26771
11.33900,-0.00345,0.00682,0.00324,1.26620
11.40000,-0.00362,0.00641,0.00323,1.27966
11.46200,-0.00362,0.00641,0.00323,1.27966
11.52500,-0.00378,0.00641,0.00332,1.28512
11.58700,-0.00329,0.00592,0.00296,1.27778
11.65000,-0.00337,0.00674,0.00318,1.26471
11.71300,-0.00230,0.00576,0.00243,1.23684
11.77500,-0.00247,0.00658,0.00269,1.22881
11.83700,-0.00230,0.00592,0.00247,1.23333
11.90000,-0.00280,0.00641,0.00282,1.24757
11.96300,-0.00214,0.00592,0.00238,1.22414
12.02500,-0.00247,0.00592,0.00255,1.24194
12.08700,-0.00148,0.00592,0.00206,1.18000
12.15000,-0.00164,0.00592,0.00214,1.19231
12.21300,-0.00197,0.00592,0.00230,1.21429
12.27500,-0.00164,0.00543,0.00203,1.20270
12.33700,-0.00263,0.00559,0.00256,1.25714
12.39900,-0.00148,0.00543,0.00195,1.19014
12.46300,-0.00148,0.00543,0.00195,1.19014
12.52700,-0.00164,0.00543,0.00203,1.20270
12.59000,-0.00148,0.00543,0.00195,1.19014
12.65000,-0.00148,0.00526,0.00191,1.19378
12.71400,-0.00214,0.00543,0.00227,1.23494
12.77500,-0.00082,0.00576,0.00169,1.12162
12.83800,-0.00115,0.00559,0.00182,1.15829
12.90000,-0.00099,0.00592,0.00181,1.13636
12.96200,-0.00016,0.00592,0.00140,1.02941
13.02400,-0.01118,0.00806,0.00738,1.37871
13.08700,-0.03412,0.01069,0.01944,1.43890
13.15000,-0.04686,0.01233,0.02617,1.44764
13.21300,-0.06117,0.01348,0.03358,1.45539
13.27400,-0.07745,0.01496,0.04205,1.46046
13.33800,-0.08937,0.01562,0.04816,1.46396
13.40000,-0.10557,0.01431,0.05596,1.47160
13.46200,-0.11790,0.01398,0.06206,1.47497
13.52500,-0.12908,0.01299,0.06743,1.47859
13.58900,-0.14816,0.01217,0.07678,1.48239
13.64900,-0.16082,0.01167,0.08300,1.48437
13.71300,-0.17833,0.01052,0.09150,1.48722
13.77400,-0.19699,0.00937,0.10058,1.48965
13.83700,-0.21072,0.00806,0.10715,1.49164
13.89900,-0.23597,0.00576,0.11926,1.49464
13.96300,-0.25340,0.00444,0.12768,1.49614
14.02500,-0.27428,0.00214,0.13761,1.49827
14.08800,-0.30158,0.00049,0.15090,1.49964
14.14900,-0.32016,-0.00066,0.15993,1.50046
14.21300,-0.34680,-0.00280,0.17278,1.50180
14.27600,-0.37187,-0.00428,0.18499,1.50257
14.33800,-0.39596,-0.00592,0.19667,1.50334
14.39900,-0.42688,-0.00773,0.21172,1.50406
14.46400,-0.44677,-0.00888,0.22141,1.50446
14.52500,-0.47407,-0.01003,0.23481,1.50475
14.58700,-0.50679,-0.01135,0.25087,1.50503
14.65000,-0.53951,-0.01250,0.26698,1.50520
14.71200,-0.57824,-0.01398,0.28601,1.50543
14.77600,-0.59920,-0.01431,0.29642,1.50536
14.83700,-0.62453,-0.01513,0.30890,1.50544
14.90000,-0.65659,-0.01529,0.32490,1.50523
14.96200,-0.67953,-0.01595,0.33622,1.50527
15.02600,-0.69984,-0.01611,0.34634,1.50517
15.08800,-0.63102,-0.01496,0.31219,1.50533
15.15000,-0.59855,-0.01398,0.29617,1.50524
15.21200,-0.56138,-0.01283,0.27784,1.50513
15.27500,-0.53277,-0.01184,0.26376,1.50499
15.33700,-0.51172,-0.01069,0.25349,1.50469
15.40000,-0.48097,-0.00921,0.23844,1.50429
15.46200,-0.45730,-0.00773,0.22693,1.50378
15.52500,-0.42457,-0.00608,0.21093,1.50320
15.58900,-0.39514,-0.00378,0.19673,1.50214
15.65200,-0.37524,-0.00247,0.18707,1.50146
15.71400,-0.34384,-0.00016,0.17188,1.50011
15.77600,-0.31769,0.00230,0.15936,1.49839
15.83800,-0.29401,0.00411,0.14792,1.49691
15.90000,-0.26507,0.00707,0.13411,1.49414
15.96300,-0.24846,0.00937,0.12631,1.49176
16.02500,-0.22643,0.01217,0.11592,1.48834
16.08900,-0.20620,0.01365,0.10613,1.48571
16.14900,-0.18927,0.01513,0.09799,1.48285
16.21200,-0.16789,0.01776,0.08789,1.47755
16.27600,-0.15621,0.01858,0.08224,1.47489
16.33700,-0.14109,0.01924,0.07482,1.47143
16.40000,-0.12440,0.01990,0.06662,1.46682
16.46300,-0.11264,0.02023,0.06081,1.46305
16.52500,-0.09471,0.01907,0.05160,1.45892
16.58700,-0.08329,0.01924,0.04592,1.45345
16.65000,-0.07071,0.01842,0.03945,1.44812
16.71200,-0.05213,0.01677,0.02979,1.43744
16.77400,-0.03914,0.01447,0.02278,1.42943
16.83700,-0.01710,0.00970,0.01071,1.39932
16.90000,-0.01365,0.00839,0.00869,1.39274
16.96200,-0.01217,0.00839,0.00795,1.38276
17.02600,-0.01167,0.00839,0.00770,1.37900
17.08800,-0.01102,0.00839,0.00737,1.37361
17.14900,-0.01036,0.00839,0.00704,1.36770
17.21300,-0.00954,0.00822,0.00660,1.36150
17.27600,-0.00888,0.00839,0.00630,1.35217
17.33800,-0.00921,0.00756,0.00629,1.36628
17.40000,-0.00839,0.00740,0.00584,1.35915
17.46200,-0.00822,0.00724,0.00572,1.35942
17.52400,-0.00806,0.00724,0.00564,1.35737
17.58700,-0.00724,0.00724,0.00523,1.34615
17.65000,-0.00740,0.00724,0.00531,1.34854
17.71200,-0.00674,0.00707,0.00494,1.34104
17.77400,-0.00699,0.00707,0.00507,1.34491
17.83700,-0.00674,0.00707,0.00494,1.34104
17.89900,-0.00592,0.00707,0.00453,1.32661
17.96300,-0.00625,0.00707,0.00470,1.33268
18.02600,-0.00592,0.00707,0.00453,1.32661
18.08800,-0.00576,0.00707,0.00445,1.32341
18.15000,-0.00592,0.00707,0.00453,1.32661
18.21200,-0.00559,0.00707,0.00437,1.32008
18.27500,-0.00526,0.00674,0.00413,1.31858
18.33700,-0.00576,0.00674,0.00438,1.32881
18.39900,-0.00526,0.00658,0.00409,1.32143
18.46600,-0.00510,0.00658,0.00401,1.31777
18.52600,-0.00559,0.00641,0.00422,1.33117
18.59000,-0.00543,0.00625,0.00410,1.33073
18.65000,-0.00510,0.00641,0.00397,1.32069
18.71400,-0.00510,0.00625,0.00394,1.32367
18.77500,-0.00362,0.00658,0.00327,1.27654
18.83800,-0.00403,0.00674,0.00351,1.28674
18.90000,-0.00444,0.00674,0.00372,1.29853
18.96300,-0.00345,0.00674,0.00322,1.26771
19.02500,-0.00444,0.00674,0.00372,1.29853
19.08600,-0.00329,0.00641,0.00307,1.26786
19.15000,-0.00345,0.00658,0.00319,1.27077
19.21100,-0.00345,0.00658,0.00319,1.27077
19.27600,-0.00329,0.00641,0.00307,1.26786
19.33800,-0.00345,0.00658,0.00319,1.27077
19.40100,-0.00378,0.00641,0.00332,1.28512
19.46200,-0.00247,0.00559,0.00248,1.24908
19.52400,-0.00345,0.00608,0.00308,1.28042
19.58800,-0.00329,0.00576,0.00292,1.28125
19.65000,-0.00230,0.00576,0.00243,1.23684
19.71200,-0.00362,0.00625,0.00320,1.28286
19.77500,-0.00214,0.00576,0.00235,1.22763
19.83600,-0.00247,0.00608,0.00259,1.23852
19.89900,-0.00230,0.00608,0.00250,1.22993
19.96300,-0.00115,0.00592,0.00189,1.15217
20.02400,-0.00937,0.00724,0.00629,1.37228
20.08700,-0.03108,0.01069,0.01791,1.43371
20.15000,-0.04637,0.01200,0.02585,1.44841
20.21300,-0.05903,0.01348,0.03251,1.45392
20.27500,-0.07654,0.01546,0.04171,1.45882
20.33700,-0.08822,0.01579,0.04762,1.46317
20.39900,-0.10302,0.01546,0.05494,1.46874
20.46200,-0.11675,0.01447,0.06159,1.47389
20.52400,-0.12793,0.01332,0.06693,1.47789
20.58800,-0.14676,0.01283,0.07623,1.48131
20.65000,-0.15950,0.01184,0.08238,1.48403
20.71300,-0.17767,0.01044,0.09116,1.48727
20.77600,-0.19634,0.00937,0.10025,1.48961
20.83700,-0.21064,0.00822,0.10715,1.49147
20.90200,-0.23399,0.00608,0.11835,1.49429
20.96300,-0.25257,0.00460,0.12731,1.49598
21.02600,-0.27222,0.00255,0.13668,1.49793
21.08800,-0.30010,0.00082,0.15023,1.49939
21.15100,-0.31769,-0.00049,0.15874,1.50035
21.21500,-0.34153,-0.00280,0.17015,1.50183
21.27600,-0.37014,-0.00444,0.18409,1.50268
21.33900,-0.39645,-0.00592,0.19691,1.50334
21.40000,-0.42836,-0.00806,0.21239,1.50422
21.46700,-0.44891,-0.00937,0.22237,1.50468
21.52700,-0.47432,-0.01069,0.23478,1.50506
21.59000,-0.50564,-0.01184,0.25019,1.50526
21.65100,-0.53655,-0.01283,0.26543,1.50537
21.71300,-0.57635,-0.01381,0.28510,1.50538
21.77500,-0.60019,-0.01398,0.29699,1.50523
21.83800,-0.62124,-0.01496,0.30729,1.50541
21.90100,-0.65676,-0.01529,0.32498,1.50523
21.96300,-0.67616,-0.01562,0.33461,1.50519
22.02500,-0.69951,-0.01562,0.34628,1.50501
22.08800,-0.63456,-0.01480,0.31399,1.50524
22.15100,-0.60151,-0.01414,0.29761,1.50528
22.21300,-0.57109,-0.01299,0.28266,1.50511
22.27600,-0.53639,-0.01167,0.26560,1.50488
22.33900,-0.51403,-0.01052,0.25467,1.50459
22.40000,-0.48237,-0.00937,0.23910,1.50436
22.46300,-0.45450,-0.00740,0.22561,1.50364
22.52600,-0.42720,-0.00592,0.21229,1.50310
22.58800,-0.39785,-0.00362,0.19812,1.50203
22.65100,-0.37705,-0.00214,0.18805,1.50126
22.71300,-0.35025,-0.00033,0.17505,1.50021
22.77600,-0.32098,0.00197,0.16093,1.49864
22.83800,-0.29681,0.00395,0.14928,1.49706
22.90100,-0.26688,0.00724,0.13505,1.49405
22.96300,-0.25011,0.00921,0.12710,1.49195
23.02600,-0.22988,0.01135,0.11746,1.48927
23.08800,-0.20752,0.01381,0.10683,1.48563
23.15000,-0.19173,0.01513,0.09923,1.48306
23.21200,-0.16970,0.01759,0.08876,1.47797
23.27500,-0.15819,0.01891,0.08330,1.47478
23.33900,-0.14257,0.01940,0.07559,1.47148
23.40100,-0.12530,0.01940,0.06696,1.46780
23.46400,-0.11395,0.02039,0.06151,1.46317
23.52500,-0.09652,0.01990,0.05268,1.45804
23.58800,-0.08436,0.01940,0.04649,1.45363
23.65100,-0.07252,0.01907,0.04050,1.44767
23.71300,-0.05385,0.01710,0.03073,1.43816
23.77500,-0.04111,0.01480,0.02384,1.43103
23.83700,-0.01858,0.00987,0.01148,1.40453
23.90100,-0.01554,0.00888,0.00974,1.39873
23.96200,-0.01332,0.00855,0.00856,1.38901
24.02600,-0.01332,0.00855,0.00856,1.38901
24.08800,-0.01200,0.00839,0.00787,1.38153
24.15000,-0.01151,0.00855,0.00766,1.37589
24.21400,-0.01102,0.00855,0.00741,1.37176
24.27600,-0.01036,0.00822,0.00701,1.36962
24.33800,-0.01069,0.00806,0.00713,1.37452
24.40000,-0.00970,0.00789,0.00660,1.36722
24.46600,-0.01003,0.00773,0.00673,1.37246
24.52700,-0.00904,0.00724,0.00613,1.36885
24.58900,-0.00970,0.00707,0.00642,1.37767
24.65200,-0.00904,0.00674,0.00602,1.37557
24.71300,-0.00855,0.00691,0.00581,1.36792
24.77600,-0.00822,0.00707,0.00568,1.36174
24.83800,-0.00814,0.00707,0.00564,1.36073
24.90200,-0.00740,0.00707,0.00527,1.35095
24.96300,-0.00707,0.00707,0.00511,1.34615
25.02600,-0.00724,0.00707,0.00519,1.34859
25.08700,-0.00707,0.00707,0.00511,1.34615
25.15100,-0.00707,0.00707,0.00511,1.34615
25.21200,-0.00691,0.00707,0.00502,1.34364
25.27600,-0.00608,0.00691,0.00458,1.33234
25.33700,-0.00674,0.00691,0.00491,1.34358
25.40100,-0.00625,0.00674,0.00462,1.33794
25.46300,-0.00625,0.00674,0.00462,1.33794
25.52600,-0.00625,0.00641,0.00455,1.34337
25.58800,-0.00650,0.00641,0.00467,1.34751
25.65200,-0.00559,0.00674,0.00429,1.32553
25.71200,-0.00608,0.00691,0.00458,1.33234
25.77500,-0.00493,0.00674,0.00396,1.31106
25.83700,-0.00502,0.00691,0.00404,1.31017
25.90200,-0.00493,0.00691,0.00400,1.30822
25.96300,-0.00477,0.00691,0.00392,1.30420
26.02500,-0.00493,0.00674,0.00396,1.31106
26.08700,-0.00477,0.00674,0.00388,1.30706
26.15100,-0.00411,0.00691,0.00359,1.28626
26.21300,-0.00460,0.00674,0.00380,1.30288
26.27700,-0.00477,0.00674,0.00388,1.30706
26.33700,-0.00362,0.00658,0.00327,1.27654
26.40100,-0.00518,0.00658,0.00405,1.31962
26.46200,-0.00345,0.00641,0.00315,1.27391
26.52500,-0.00378,0.00658,0.00335,1.28202
26.58700,-0.00428,0.00674,0.00364,1.29397
26.65100,-0.00329,0.00641,0.00307,1.26786
26.71200,-0.00477,0.00658,0.00385,1.30998
26.77600,-0.00345,0.00592,0.00304,1.28378
26.83800,-0.00362,0.00658,0.00327,1.27654
26.90000,-0.00354,0.00674,0.00327,1.27063
26.96400,-0.00280,0.00691,0.00293,1.23832
27.02500,-0.00863,0.00740,0.00596,1.36207
27.08700,-0.02960,0.01052,0.01714,1.43177
27.15200,-0.04563,0.01233,0.02556,1.44638
27.21300,-0.05846,0.01332,0.03219,1.45402
27.27600,-0.07663,0.01447,0.04153,1.46128
27.33700,-0.08830,0.01529,0.04755,1.46427
27.40100,-0.10228,0.01513,0.05450,1.46916
27.46300,-0.11757,0.01414,0.06193,1.47463
27.52600,-0.12867,0.01315,0.06726,1.47827
27.58900,-0.14553,0.01266,0.07558,1.48139
27.65300,-0.16016,0.01151,0.08264,1.48452
27.71300,-0.17512,0.01052,0.08990,1.48699
27.77500,-0.19667,0.00954,0.10045,1.48945
27.83800,-0.20949,0.00839,0.10661,1.49126
27.90000,-0.23136,0.00608,0.11703,1.49422
27.96400,-0.25257,0.00460,0.12731,1.49598
28.02600,-0.27296,0.00280,0.13710,1.49773
28.08700,-0.29993,0.00082,0.15015,1.49939
28.15100,-0.31868,-0.00049,0.15923,1.50034
28.21300,-0.34120,-0.00197,0.17016,1.50129
28.27600,-0.37113,-0.00411,0.18465,1.50247
28.33800,-0.39333,-0.00543,0.19546,1.50308
28.40100,-0.42490,-0.00789,0.21070,1.50416
28.46300,-0.44924,-0.00904,0.22261,1.50451
28.52500,-0.47538,-0.01036,0.23539,1.50489
28.58700,-0.50630,-0.01135,0.25063,1.50503
28.65100,-0.52735,-0.01151,0.26111,1.50490
28.71300,-0.57265,-0.01332,0.28336,1.50522
28.77600,-0.59608,-0.01381,0.29497,1.50520
28.83700,-0.61795,-0.01414,0.30583,1.50514
28.90100,-0.64960,-0.01529,0.32140,1.50529
28.96300,-0.67287,-0.01529,0.33304,1.50510
29.02600,-0.69869,-0.01546,0.34591,1.50497
29.08700,-0.63390,-0.01513,0.31359,1.50536
29.15000,-0.60315,-0.01398,0.29847,1.50520
29.21200,-0.57692,-0.01283,0.28561,1.50499
29.27500,-0.53836,-0.01167,0.26659,1.50487
29.33700,-0.51740,-0.01052,0.25636,1.50456
29.40000,-0.48525,-0.00904,0.24062,1.50418
29.46200,-0.45647,-0.00707,0.22667,1.50347
29.52600,-0.42942,-0.00576,0.21343,1.50300
29.58700,-0.39761,-0.00362,0.19800,1.50203
29.65000,-0.37771,-0.00214,0.18838,1.50126
29.71200,-0.35304,0.00000,0.17652,1.50000
29.77600,-0.32262,0.00247,0.16186,1.49831
29.83700,-0.30034,0.00378,0.15101,1.49722
29.90000,-0.26918,0.00724,0.13620,1.49410
29.96200,-0.25257,0.00888,0.12826,1.49231
30.02500,-0.23120,0.01118,0.11808,1.48948
30.08800,-0.20875,0.01381,0.10745,1.48572
30.15000,-0.19453,0.01513,0.10063,1.48330
30.21200,-0.17315,0.01759,0.09049,1.47839
30.27500,-0.15884,0.01858,0.08355,1.47529
30.33700,-0.14528,0.01907,0.07688,1.47243
30.40100,-0.12777,0.01990,0.06830,1.46763
30.46300,-0.11658,0.02006,0.06275,1.46448
30.52600,-0.09932,0.02006,0.05412,1.45881
30.59000,-0.08526,0.01907,0.04687,1.45478
30.65100,-0.07498,0.01891,0.04169,1.44961
30.71300,-0.05780,0.01694,0.03266,1.44239
30.77400,-0.04292,0.01496,0.02478,1.43292
30.83700,-0.02187,0.01020,0.01320,1.41419
30.90100,-0.01677,0.00954,0.01051,1.39913
30.96200,-0.01373,0.00839,0.00873,1.39325
31.02500,-0.01414,0.00855,0.00897,1.39409
31.08800,-0.01283,0.00855,0.00831,1.38571
31.15000,-0.01217,0.00839,0.00795,1.38276
31.21300,-0.01184,0.00855,0.00782,1.37850
31.27400,-0.01085,0.00855,0.00733,1.37032
31.33900,-0.01151,0.00839,0.00762,1.37770
31.40000,-0.00987,0.00789,0.00669,1.36885
31.46200,-0.01110,0.00789,0.00730,1.37992
31.52500,-0.00987,0.00773,0.00665,1.37088
31.58800,-0.00970,0.00806,0.00664,1.36520
31.65000,-0.00921,0.00806,0.00639,1.36000
31.71300,-0.00937,0.00798,0.00646,1.36280
31.77500,-0.00839,0.00756,0.00587,1.35692
31.83700,-0.00855,0.00773,0.00599,1.35671
31.90100,-0.00839,0.00724,0.00580,1.36142
31.96400,-0.00748,0.00724,0.00535,1.34970
32.02600,-0.00822,0.00740,0.00576,1.35714
32.08900,-0.00740,0.00724,0.00531,1.34854
32.15000,-0.00789,0.00707,0.00552,1.35762
32.21300,-0.00756,0.00691,0.00532,1.35567
32.27600,-0.00724,0.00707,0.00519,1.34859
32.33800,-0.00724,0.00691,0.00515,1.35106
32.40000,-0.00691,0.00691,0.00499,1.34615
32.46300,-0.00691,0.00707,0.00502,1.34364
32.52600,-0.00691,0.00674,0.00495,1.34871
32.58800,-0.00740,0.00666,0.00518,1.35714
32.65000,-0.00625,0.00691,0.00466,1.33529
32.71300,-0.00707,0.00707,0.00511,1.34615
32.77500,-0.00674,0.00707,0.00494,1.34104
32.83800,-0.00576,0.00691,0.00441,1.32609
32.90100,-0.00576,0.00691,0.00441,1.32609
32.96300,-0.00567,0.00707,0.00441,1.32176
33.02600,-0.00543,0.00691,0.00425,1.31935
33.08900,-0.00592,0.00691,0.00449,1.32927
33.15100,-0.00493,0.00691,0.00400,1.30822
33.21300,-0.00493,0.00691,0.00400,1.30822
33.27500,-0.00543,0.00658,0.00417,1.32495
33.33800,-0.00477,0.00658,0.00385,1.30998
33.40100,-0.00534,0.00658,0.00413,1.32320
33.46800,-0.00493,0.00658,0.00393,1.31395
33.52600,-0.00493,0.00641,0.00389,1.31690
33.59000,-0.00493,0.00658,0.00393,1.31395
33.65300,-0.00477,0.00625,0.00377,1.31598
33.71300,-0.00411,0.00658,0.00352,1.29221
33.77600,-0.00460,0.00674,0.00380,1.30288
33.83900,-0.00395,0.00674,0.00347,1.28421
33.90000,-0.00428,0.00674,0.00364,1.29397
33.96400,-0.00378,0.00707,0.00346,1.27309
34.02600,-0.00724,0.00707,0.00519,1.34859
34.08800,-0.02697,0.01036,0.01579,1.42708
34.15000,-0.04621,0.01217,0.02581,1.44761
34.21300,-0.05739,0.01348,0.03169,1.45272
34.27500,-0.07482,0.01480,0.04070,1.45960
34.33800,-0.08682,0.01579,0.04692,1.46262
34.40100,-0.10096,0.01546,0.05392,1.46815
34.46300,-0.11650,0.01431,0.06143,1.47412
34.52600,-0.12727,0.01398,0.06674,1.47673
34.58800,-0.14273,0.01299,0.07425,1.48056
34.65100,-0.15884,0.01200,0.08209,1.48375
34.71300,-0.17512,0.01052,0.08990,1.48699
34.77600,-0.19568,0.00937,0.09992,1.48958
34.83900,-0.20933,0.00822,0.10649,1.49142
34.90000,-0.22906,0.00674,0.11603,1.49354
34.96300,-0.25175,0.00493,0.12697,1.49568
35.02500,-0.27041,0.00329,0.13594,1.49731
35.08900,-0.29763,0.00099,0.14903,1.49926
35.15100,-0.31744,-0.00033,0.15865,1.50023
35.21300,-0.34088,-0.00197,0.17000,1.50129
35.27600,-0.37113,-0.00395,0.18469,1.50237
35.33800,-0.39119,-0.00526,0.19443,1.50301
35.40100,-0.42392,-0.00740,0.21031,1.50391
35.46400,-0.44661,-0.00872,0.22137,1.50437
35.52500,-0.46881,-0.01003,0.23217,1.50480
35.58800,-0.50153,-0.01118,0.24828,1.50500
35.65100,-0.52241,-0.01151,0.25865,1.50494
35.71300,-0.56928,-0.01283,0.28179,1.50506
35.77500,-0.59444,-0.01381,0.29415,1.50522
35.83900,-0.61499,-0.01414,0.30435,1.50516
35.90000,-0.64673,-0.01529,0.31996,1.50531
35.96300,-0.67024,-0.01529,0.33172,1.50512
36.02500,-0.70099,-0.01579,0.34699,1.50505
36.08800,-0.63637,-0.01496,0.31486,1.50528
36.15100,-0.60693,-0.01398,0.30036,1.50517
36.21400,-0.57923,-0.01283,0.28676,1.50497
36.27600,-0.54017,-0.01184,0.26745,1.50492
36.33900,-0.52175,-0.01085,0.25847,1.50467
36.40000,-0.49166,-0.00954,0.24371,1.50435
36.46700,-0.46075,-0.00806,0.22858,1.50392
36.52700,-0.43608,-0.00641,0.21662,1.50329
36.58900,-0.39991,-0.00378,0.19911,1.50211
36.65300,-0.38240,-0.00247,0.19065,1.50144
36.71400,-0.35658,-0.00074,0.17813,1.50046
36.77600,-0.32394,0.00230,0.16248,1.49843
36.83900,-0.30371,0.00362,0.15266,1.49737
36.90000,-0.27296,0.00633,0.13789,1.49490
36.96400,-0.25356,0.00872,0.12872,1.49248
37.02600,-0.23514,0.01118,0.12006,1.48965
37.08900,-0.21146,0.01365,0.10877,1.48606
37.15000,-0.19716,0.01496,0.10190,1.48368
37.21300,-0.17488,0.01759,0.09135,1.47860
37.27600,-0.15983,0.01907,0.08415,1.47482
37.33900,-0.14750,0.01924,0.07802,1.47260
37.40000,-0.12974,0.02023,0.06936,1.46760
37.46300,-0.11774,0.02023,0.06336,1.46453
37.52800,-0.10162,0.02023,0.05531,1.45937
37.58800,-0.08682,0.01940,0.04772,1.45482
37.65000,-0.07646,0.01940,0.04254,1.44932
37.71400,-0.05739,0.01784,0.03266,1.43930
37.77600,-0.04399,0.01579,0.02550,1.43122
37.83800,-0.02549,0.01184,0.01537,1.41444
37.90000,-0.01792,0.00970,0.01112,1.40304
37.96400,-0.01562,0.00937,0.00989,1.39474
38.02600,-0.01463,0.00921,0.00936,1.39073
38.08800,-0.01389,0.00855,0.00885,1.39262
38.15000,-0.01315,0.00855,0.00848,1.38793
38.21300,-0.01299,0.00855,0.00840,1.38683
38.27600,-0.01167,0.00855,0.00774,1.37721
38.33900,-0.01167,0.00855,0.00774,1.37721
38.40100,-0.01085,0.00839,0.00729,1.37218
38.46400,-0.01069,0.00822,0.00717,1.37261
38.52700,-0.01085,0.00822,0.00725,1.37406
38.59000,-0.01036,0.00822,0.00701,1.36962
38.65100,-0.00970,0.00822,0.00668,1.36320
38.71500,-0.01020,0.00806,0.00689,1.37003
38.77700,-0.00937,0.00806,0.00648,1.36178
38.83900,-0.00954,0.00822,0.00660,1.36150
38.90200,-0.00937,0.00806,0.00648,1.36178
38.96500,-0.00855,0.00740,0.00592,1.36111
39.02700,-0.00855,0.00806,0.00607,1.35241
39.08900,-0.00839,0.00740,0.00584,1.35915
39.15100,-0.00839,0.00724,0.00580,1.36142
39.21400,-0.00822,0.00724,0.00572,1.35942
39.27700,-0.00822,0.00707,0.00568,1.36174
39.34000,-0.00839,0.00707,0.00576,1.36371
39.40100,-0.00822,0.00674,0.00561,1.36645
39.46500,-0.00773,0.00674,0.00536,1.36031
39.52700,-0.00773,0.00658,0.00533,1.36278
39.59000,-0.00839,0.00641,0.00562,1.37317
39.65700,-0.00756,0.00658,0.00524,1.36063
39.71500,-0.00724,0.00707,0.00519,1.34859
39.77700,-0.00756,0.00707,0.00535,1.35324
39.83900,-0.00608,0.00707,0.00461,1.32970
39.90100,-0.00674,0.00707,0.00494,1.34104
39.96300,-0.00625,0.00699,0.00468,1.33398
40.02700,-0.00576,0.00691,0.00441,1.32609
40.08800,-0.00691,0.00691,0.00499,1.34615
40.15100,-0.00592,0.00691,0.00449,1.32927
40.21300,-0.00592,0.00691,0.00449,1.32927
40.27700,-0.00576,0.00707,0.00445,1.32341
40.33900,-0.00559,0.00691,0.00433,1.32278
40.40200,-0.00526,0.00674,0.00413,1.31858
40.46300,-0.00608,0.00658,0.00450,1.33773
40.52700,-0.00526,0.00658,0.00409,1.32143
40.58900,-0.00559,0.00674,0.00429,1.32553
40.65100,-0.00510,0.00691,0.00408,1.31208
40.71300,-0.00436,0.00674,0.00368,1.29627
40.77600,-0.00510,0.00691,0.00408,1.31208
40.83800,-0.00493,0.00691,0.00400,1.30822
40.90200,-0.00493,0.00691,0.00400,1.30822
40.96400,-0.00436,0.00707,0.00375,1.29050
41.02700,-0.00740,0.00724,0.00531,1.34854
41.08900,-0.02541,0.01003,0.01493,1.42536
41.15100,-0.04489,0.01258,0.02524,1.44463
41.21300,-0.05706,0.01348,0.03153,1.45248
41.27600,-0.07350,0.01480,0.04004,1.45893
41.33900,-0.08658,0.01579,0.04680,1.46252
41.40200,-0.10006,0.01579,0.05354,1.46724
41.46400,-0.11609,0.01480,0.06133,1.47319
41.52700,-0.12612,0.01447,0.06628,1.47574
41.58800,-0.14100,0.01332,0.07346,1.47985
41.65200,-0.15802,0.01217,0.08172,1.48345
41.71400,-0.17323,0.01085,0.08903,1.48646
41.77600,-0.19338,0.00954,0.09881,1.48928
41.83900,-0.20900,0.00806,0.10629,1.49158
41.90200,-0.22857,0.00641,0.11571,1.49384
41.96400,-0.25175,0.00485,0.12695,1.49575
42.02600,-0.26918,0.00329,0.13532,1.49730
42.08800,-0.29623,0.00115,0.14837,1.49914
42.15100,-0.31531,-0.00033,0.15758,1.50023
42.21300,-0.33857,-0.00164,0.16892,1.50108
42.27700,-0.36801,-0.00411,0.18309,1.50249
42.33800,-0.39119,-0.00559,0.19435,1.50320
42.40200,-0.42564,-0.00740,0.21118,1.50389
42.46700,-0.44858,-0.00921,0.22224,1.50460
42.52800,-0.46930,-0.01028,0.23237,1.50491
42.58900,-0.50202,-0.01151,0.24845,1.50515
42.65400,-0.52323,-0.01200,0.25895,1.50515
42.71300,-0.56484,-0.01299,0.27953,1.50516
42.77700,-0.59427,-0.01398,0.29403,1.50528
42.83900,-0.61285,-0.01431,0.30325,1.50524
42.90100,-0.64442,-0.01513,0.31885,1.50527
42.96300,-0.66991,-0.01529,0.33156,1.50512
43.02700,-0.69951,-0.01546,0.34632,1.50496
43.08800,-0.64081,-0.01529,0.31700,1.50536
43.15100,-0.61170,-0.01398,0.30274,1.50513
43.21400,-0.58539,-0.01299,0.28981,1.50498
43.27600,-0.54774,-0.01184,0.27124,1.50485
43.33900,-0.52480,-0.01052,0.26006,1.50450
43.40100,-0.49561,-0.00970,0.24565,1.50439
43.46300,-0.46272,-0.00822,0.22953,1.50398
43.52600,-0.43962,-0.00658,0.21835,1.50335
43.58800,-0.40353,-0.00411,0.20085,1.50227
43.65200,-0.38231,-0.00247,0.19061,1.50144
43.71400,-0.36028,-0.00066,0.17999,1.50041
43.77600,-0.32797,0.00181,0.16439,1.49878
43.83800,-0.30865,0.00362,0.15513,1.49741
43.90200,-0.27543,0.00641,0.13914,1.49488
43.96400,-0.25488,0.00872,0.12937,1.49252
44.02600,-0.23827,0.01102,0.12158,1.48993
44.08800,-0.21360,0.01365,0.10983,1.48619
44.15100,-0.19889,0.01513,0.10280,1.48365
44.21400,-0.17759,0.01694,0.09256,1.47967
44.27600,-0.16098,0.01891,0.08469,1.47519
44.33800,-0.14947,0.01924,0.07901,1.47294
44.40100,-0.13073,0.02055,0.06993,1.46734
44.46300,-0.11872,0.02072,0.06397,1.46401
44.52600,-0.10392,0.02055,0.05653,1.45960
44.58800,-0.08781,0.01973,0.04829,1.45460
44.65200,-0.07720,0.01940,0.04291,1.44976
44.71400,-0.06010,0.01710,0.03385,1.44387
44.77700,-0.04522,0.01496,0.02594,1.43589
44.83800,-0.02911,0.01233,0.01729,1.42076
44.90200,-0.01751,0.00954,0.01088,1.40256
44.96400,-0.01727,0.00970,0.01079,1.40008
45.02600,-0.01381,0.00872,0.00884,1.39050
45.08900,-0.01431,0.00872,0.00909,1.39347
45.15200,-0.01315,0.00855,0.00848,1.38793
45.21400,-0.01315,0.00855,0.00848,1.38793
45.27600,-0.01299,0.00822,0.00832,1.39023
45.33800,-0.01200,0.00822,0.00783,1.38331
45.40100,-0.01233,0.00806,0.00796,1.38749
45.46300,-0.01102,0.00789,0.00726,1.37925
45.52700,-0.01217,0.00789,0.00784,1.38811
45.59000,-0.01118,0.00789,0.00734,1.38060
45.65300,-0.01102,0.00789,0.00726,1.37925
45.71400,-0.01069,0.00822,0.00717,1.37261
45.77700,-0.00954,0.00822,0.00660,1.36150
45.83800,-0.00970,0.00822,0.00668,1.36320
45.90100,-0.00937,0.00822,0.00651,1.35975
45.96500,-0.00937,0.00806,0.00648,1.36178
46.02600,-0.00855,0.00789,0.00603,1.35455
46.08900,-0.00937,0.00806,0.00648,1.36178
46.15200,-0.00855,0.00740,0.00592,1.36111
46.21300,-0.00855,0.00724,0.00588,1.36335
46.27700,-0.00839,0.00740,0.00584,1.35915
46.33800,-0.00822,0.00724,0.00572,1.35942
46.40200,-0.00847,0.00691,0.00577,1.36698
46.46400,-0.00822,0.00674,0.00561,1.36645
46.52600,-0.00855,0.00691,0.00581,1.36792
46.58800,-0.00806,0.00674,0.00553,1.36446
46.65100,-0.00806,0.00691,0.00556,1.36207
46.71400,-0.00625,0.00691,0.00466,1.33529
46.77600,-0.00855,0.00756,0.00596,1.35890
46.83800,-0.00691,0.00691,0.00499,1.34615
46.90200,-0.00707,0.00707,0.00511,1.34615
46.96300,-0.00691,0.00707,0.00502,1.34364
47.02700,-0.00658,0.00707,0.00486,1.33835
47.08900,-0.00617,0.00707,0.00465,1.33121
47.15200,-0.00625,0.00707,0.00470,1.33268
47.21400,-0.00608,0.00707,0.00461,1.32970
47.27600,-0.00592,0.00707,0.00453,1.32661
47.33800,-0.00608,0.00699,0.00460,1.33101
47.40200,-0.00493,0.00691,0.00400,1.30822
47.46400,-0.00592,0.00707,0.00453,1.32661
47.52700,-0.00592,0.00674,0.00446,1.33197
47.58800,-0.00592,0.00691,0.00449,1.32927
47.65000,-0.00559,0.00674,0.00429,1.32553
47.71400,-0.00576,0.00691,0.00441,1.32609
47.77600,-0.00493,0.00707,0.00404,1.30543
47.83800,-0.00493,0.00691,0.00400,1.30822
47.90000,-0.00559,0.00691,0.00433,1.32278
47.96300,-0.00444,0.00724,0.00383,1.28998
48.02600,-0.00756,0.00740,0.00543,1.34848
48.08900,-0.02401,0.00970,0.01416,1.42387
48.15200,-0.04374,0.01233,0.02461,1.44432
48.21400,-0.05541,0.01348,0.03070,1.45120
48.27700,-0.07202,0.01447,0.03923,1.45901
48.33800,-0.08584,0.01546,0.04635,1.46295
48.40200,-0.09817,0.01546,0.05252,1.46730
48.46600,-0.11469,0.01431,0.06053,1.47374
48.52700,-0.12571,0.01414,0.06600,1.47619
48.59000,-0.14076,0.01299,0.07327,1.48030
48.65300,-0.15835,0.01167,0.08177,1.48414
48.71300,-0.17274,0.01069,0.08875,1.48662
48.77500,-0.19223,0.00954,0.09823,1.48921
48.83800,-0.20776,0.00822,0.10571,1.49136
48.90000,-0.22544,0.00658,0.11418,1.49360
48.96300,-0.25076,0.00510,0.12652,1.49552
49.02600,-0.26778,0.00345,0.13466,1.49715
49.08900,-0.29500,0.00148,0.14783,1.49889
49.15000,-0.31539,-0.00033,0.15762,1.50023
49.21300,-0.33528,-0.00164,0.16728,1.50109
49.27600,-0.36719,-0.00362,0.18279,1.50220
49.33900,-0.38799,-0.00510,0.19286,1.50294
49.40100,-0.41816,-0.00691,0.20755,1.50370
49.46300,-0.44447,-0.00888,0.22026,1.50448
49.52600,-0.46585,-0.00954,0.23080,1.50459
49.58900,-0.50128,-0.01118,0.24816,1.50501
49.65100,-0.52126,-0.01151,0.25807,1.50496
49.71400,-0.55662,-0.01266,0.27549,1.50511
49.77500,-0.59312,-0.01381,0.29349,1.50523
49.83800,-0.61006,-0.01398,0.30192,1.50514
49.90100,-0.64229,-0.01505,0.31780,1.50526
49.96400,-0.66843,-0.01529,0.33082,1.50514
50.02600,-0.69351,-0.01529,0.34336,1.50495
50.08800,-0.64812,-0.01513,0.32070,1.50524
50.15100,-0.61515,-0.01381,0.30451,1.50504
50.21400,-0.59213,-0.01348,0.29307,1.50511
50.27500,-0.55070,-0.01167,0.27275,1.50476
50.33800,-0.52825,-0.01069,0.26175,1.50454
50.40000,-0.49972,-0.00937,0.24778,1.50420
50.46400,-0.46650,-0.00773,0.23153,1.50371
50.52600,-0.44217,-0.00608,0.21973,1.50308
50.58800,-0.40698,-0.00395,0.20261,1.50216
50.65100,-0.38346,-0.00214,0.19126,1.50124
50.71400,-0.36447,-0.00082,0.18205,1.50050
50.77500,-0.33117,0.00173,0.16597,1.49884
50.83800,-0.31013,0.00345,0.15583,1.49754
50.90000,-0.28036,0.00592,0.14150,1.49535
50.96400,-0.25668,0.00888,0.13032,1.49243
51.02600,-0.24090,0.01036,0.12275,1.49062
51.08800,-0.21467,0.01357,0.11035,1.48634
51.15100,-0.20061,0.01513,0.10367,1.48379
51.21300,-0.18088,0.01677,0.09417,1.48021
51.27600,-0.16345,0.01875,0.08589,1.47575
51.33800,-0.15169,0.01907,0.08008,1.47354
51.40000,-0.13270,0.02023,0.07084,1.46828
51.46400,-0.12037,0.02023,0.06468,1.46525
51.52700,-0.10672,0.02039,0.05789,1.46086
51.59000,-0.08986,0.01940,0.04924,1.45622
51.65200,-0.07942,0.01924,0.04399,1.45140
51.71400,-0.06347,0.01858,0.03587,1.44244
51.77600,-0.04719,0.01628,0.02721,1.43353
51.83900,-0.03157,0.01332,0.01875,1.42105
51.90000,-0.01727,0.00954,0.01075,1.40144
51.96400,-0.01776,0.00970,0.01104,1.40232
52.02600,-0.01496,0.00921,0.00953,1.39262
52.08900,-0.01513,0.00954,0.00968,1.39057
52.15100,-0.01365,0.00904,0.00883,1.38625
52.21400,-0.01381,0.00855,0.00881,1.39212
52.27600,-0.01315,0.00855,0.00848,1.38793
52.33900,-0.01217,0.00855,0.00798,1.38101
52.40000,-0.01299,0.00822,0.00832,1.39023
52.46400,-0.01200,0.00789,0.00776,1.38693
52.52600,-0.01233,0.00789,0.00792,1.38927
52.58800,-0.01118,0.00806,0.00738,1.37871
52.65100,-0.01069,0.00839,0.00721,1.37072
52.71400,-0.01085,0.00806,0.00722,1.37595
52.77600,-0.01052,0.00806,0.00705,1.37306
52.83900,-0.01003,0.00822,0.00684,1.36649
52.90000,-0.00970,0.00822,0.00668,1.36320
52.96400,-0.00970,0.00822,0.00668,1.36320
53.02600,-0.00970,0.00806,0.00664,1.36520
53.08900,-0.00970,0.00806,0.00664,1.36520
53.15000,-0.00937,0.00789,0.00644,1.36383
53.21400,-0.00921,0.00806,0.00639,1.36000
53.27500,-0.00855,0.00789,0.00603,1.35455
53.33900,-0.00855,0.00806,0.00607,1.35241
53.40000,-0.00839,0.00789,0.00595,1.35253
53.46300,-0.00822,0.00715,0.00570,1.36058
53.52600,-0.00872,0.00740,0.00600,1.36301
53.58800,-0.00855,0.00707,0.00585,1.36562
53.65100,-0.00872,0.00756,0.00604,1.36082
53.71300,-0.00740,0.00724,0.00531,1.34854
53.77600,-0.00822,0.00707,0.00568,1.36174
53.83800,-0.00724,0.00707,0.00519,1.34859
53.90000,-0.00724,0.00691,0.00515,1.35106
53.96400,-0.00724,0.00707,0.00519,1.34859
54.02600,-0.00707,0.00707,0.00511,1.34615
54.08800,-0.00608,0.00707,0.00461,1.32970
54.15000,-0.00707,0.00724,0.00514,1.34369
54.21400,-0.00691,0.00691,0.00499,1.34615
54.27600,-0.00724,0.00674,0.00512,1.35357
54.33900,-0.00674,0.00674,0.00487,1.34615
54.40000,-0.00658,0.00658,0.00475,1.34615
54.46400,-0.00625,0.00674,0.00462,1.33794
54.52700,-0.00641,0.00658,0.00467,1.34344
54.59000,-0.00658,0.00658,0.00475,1.34615
54.65300,-0.00625,0.00641,0.00455,1.34337
54.71300,-0.00740,0.00658,0.00516,1.35841
54.77600,-0.00510,0.00674,0.00405,1.31490
54.83800,-0.00592,0.00674,0.00446,1.33197
54.90000,-0.00592,0.00691,0.00449,1.32927
54.96300,-0.00559,0.00707,0.00437,1.32008
55.02600,-0.00650,0.00724,0.00486,1.33443
55.08800,-0.02138,0.00970,0.01284,1.41607
55.15000,-0.04259,0.01233,0.02404,1.44299
55.21400,-0.05467,0.01332,0.03030,1.45115
55.27600,-0.07054,0.01463,0.03852,1.45779
55.33800,-0.08526,0.01579,0.04614,1.46198
55.40000,-0.09702,0.01546,0.05194,1.46694
55.46300,-0.11395,0.01463,0.06023,1.47300
55.52600,-0.12464,0.01414,0.06546,1.47600
55.58800,-0.13714,0.01332,0.07153,1.47931
55.65000,-0.15621,0.01217,0.08081,1.48327
55.71400,-0.17052,0.01102,0.08771,1.48604
55.77600,-0.19140,0.00970,0.09786,1.48898
55.83900,-0.20670,0.00822,0.10517,1.49131
55.90100,-0.22297,0.00691,0.11302,1.49321
55.96500,-0.24871,0.00477,0.12541,1.49578
56.02600,-0.26556,0.00345,0.13355,1.49713
56.08900,-0.29171,0.00132,0.14615,1.49900
56.15100,-0.31292,-0.00033,0.15639,1.50023
56.21500,-0.33348,-0.00164,0.16637,1.50110
56.27600,-0.36595,-0.00378,0.18214,1.50231
56.33900,-0.38716,-0.00510,0.19245,1.50294
56.40100,-0.41701,-0.00658,0.20704,1.50353
56.46500,-0.44414,-0.00855,0.22017,1.50432
56.52600,-0.46404,-0.00921,0.22997,1.50445
56.58900,-0.49479,-0.01052,0.24505,1.50477
56.65100,-0.51871,-0.01151,0.25680,1.50498
56.71500,-0.55102,-0.01283,0.27266,1.50523
56.77700,-0.58736,-0.01381,0.29061,1.50528
56.83900,-0.60685,-0.01398,0.30032,1.50517
56.90100,-0.63966,-0.01513,0.31647,1.50531
56.96500,-0.66547,-0.01529,0.32934,1.50516
57.02700,-0.68866,-0.01546,0.34089,1.50504
57.08900,-0.65577,-0.01529,0.32449,1.50524
57.15100,-0.61779,-0.01398,0.30579,1.50508
57.21500,-0.59542,-0.01381,0.29464,1.50521
57.27600,-0.55464,-0.01200,0.27465,1.50486
57.33900,-0.53146,-0.01151,0.26317,1.50486
57.40100,-0.50663,-0.01003,0.25108,1.50444
57.47100,-0.47062,-0.00822,0.23348,1.50391
57.52800,-0.44628,-0.00691,0.22160,1.50346
57.59000,-0.41331,-0.00460,0.20563,1.50249
57.65800,-0.38856,-0.00312,0.19359,1.50179
57.71400,-0.36735,-0.00099,0.18346,1.50060
57.77700,-0.33380,0.00132,0.16719,1.49913
57.83900,-0.31144,0.00288,0.15636,1.49796
57.90100,-0.28406,0.00576,0.14331,1.49554
57.96500,-0.25948,0.00839,0.13160,1.49292
58.02700,-0.24336,0.01003,0.12391,1.49101
58.08900,-0.21903,0.01250,0.11229,1.48763
58.15100,-0.20291,0.01431,0.10464,1.48481
58.21500,-0.18474,0.01644,0.09603,1.48097
58.27700,-0.16542,0.01825,0.08677,1.47663
58.33900,-0.15243,0.01924,0.08049,1.47344
58.40100,-0.13508,0.02023,0.07204,1.46880
58.46500,-0.12135,0.02039,0.06521,1.46526
58.52700,-0.10803,0.02039,0.05855,1.46130
58.59000,-0.09093,0.01957,0.04981,1.45635
58.65200,-0.08090,0.01957,0.04480,1.45147
58.71400,-0.06643,0.01842,0.03731,1.44515
58.77600,-0.04785,0.01644,0.02758,1.43375
58.84000,-0.03363,0.01332,0.01977,1.42516
58.90200,-0.01875,0.00970,0.01153,1.40650
58.96500,-0.01710,0.00954,0.01067,1.40068
59.02600,-0.01579,0.00954,0.01001,1.39416
59.08900,-0.01529,0.00872,0.00958,1.39895
59.15100,-0.01414,0.00872,0.00901,1.39249
59.21400,-0.01414,0.00855,0.00897,1.39409
59.27700,-0.01348,0.00855,0.00864,1.39006
59.34000,-0.01299,0.00855,0.00840,1.38683
59.40100,-0.01299,0.00839,0.00836,1.38852
59.46500,-0.01200,0.00839,0.00787,1.38153
59.52700,-0.01184,0.00839,0.00778,1.38028
59.59000,-0.01118,0.00839,0.00745,1.37500
59.65200,-0.01069,0.00839,0.00721,1.37072
59.71300,-0.01069,0.00839,0.00721,1.37072
59.77600,-0.01069,0.00839,0.00721,1.37072
59.83900,-0.01028,0.00822,0.00697,1.36885
59.90200,-0.01036,0.00822,0.00701,1.36962
59.96400,-0.00970,0.00822,0.00668,1.36320
60.02600,-0.00970,0.00822,0.00668,1.36320
60.08900,-0.00954,0.00740,0.00641,1.37179
60.15200,-0.00954,0.00724,0.00638,1.37393
60.21400,-0.00954,0.00724,0.00638,1.37393
60.27700,-0.00937,0.00707,0.00626,1.37445
60.33900,-0.00946,0.00756,0.00641,1.36885
60.40100,-0.00888,0.00707,0.00601,1.36930
60.46400,-0.00888,0.00674,0.00594,1.37385
60.52800,-0.00888,0.00674,0.00594,1.37385
60.59000,-0.00921,0.00641,0.00603,1.38182
60.65300,-0.00904,0.00674,0.00602,1.37557
60.71500,-0.00872,0.00674,0.00586,1.37207
60.77700,-0.00756,0.00707,0.00535,1.35324
60.83900,-0.00740,0.00724,0.00531,1.34854
60.90100,-0.00756,0.00691,0.00532,1.35567
60.96400,-0.00789,0.00691,0.00548,1.36000
61.02600,-0.00724,0.00691,0.00515,1.35106
61.08800,-0.00691,0.00691,0.00499,1.34615
61.15100,-0.00707,0.00691,0.00507,1.34865
61.21300,-0.00691,0.00691,0.00499,1.34615
61.27700,-0.00707,0.00707,0.00511,1.34615
61.33900,-0.00674,0.00691,0.00491,1.34358
61.40200,-0.00740,0.00674,0.00520,1.35589
61.46400,-0.00608,0.00658,0.00450,1.33773
61.52700,-0.00641,0.00674,0.00470,1.34078
61.58900,-0.00674,0.00674,0.00487,1.34615
61.65200,-0.00592,0.00691,0.00449,1.32927
61.71400,-0.00674,0.00691,0.00491,1.34358
61.77600,-0.00510,0.00691,0.00408,1.31208
61.83800,-0.00592,0.00691,0.00449,1.32927
61.90200,-0.00576,0.00691,0.00441,1.32609
61.96300,-0.00576,0.00724,0.00449,1.32077
62.02600,-0.00600,0.00724,0.00461,1.32557
62.08800,-0.01924,0.00937,0.01170,1.41101
62.15200,-0.04111,0.01217,0.02326,1.44187
62.21300,-0.05344,0.01348,0.02972,1.44958
62.27600,-0.06742,0.01463,0.03696,1.45601
62.33800,-0.08452,0.01579,0.04577,1.46168
62.40100,-0.09603,0.01579,0.05152,1.46596
62.46400,-0.11247,0.01496,0.05956,1.47209
62.52600,-0.12349,0.01447,0.06496,1.47525
62.58800,-0.13599,0.01348,0.07099,1.47890
62.65200,-0.15490,0.01217,0.08015,1.48313
62.71300,-0.16970,0.01069,0.08722,1.48638
62.77700,-0.18828,0.00937,0.09622,1.48918
62.83800,-0.20554,0.00822,0.10460,1.49127
62.90100,-0.22141,0.00691,0.11224,1.49316
62.96300,-0.24723,0.00493,0.12471,1.49560
63.02600,-0.26425,0.00345,0.13289,1.49711
63.08900,-0.28867,0.00181,0.14474,1.49861
63.15100,-0.31358,-0.00033,0.15672,1.50023
63.21300,-0.33101,-0.00148,0.16518,1.50100
63.27600,-0.36159,-0.00345,0.18003,1.50213
63.33900,-0.38379,-0.00526,0.19073,1.50307
63.40100,-0.41232,-0.00691,0.20463,1.50375
63.46300,-0.44562,-0.00839,0.22095,1.50422
63.52800,-0.46453,-0.01003,0.23004,1.50484
63.59000,-0.49512,-0.01069,0.24518,1.50484
63.65400,-0.51896,-0.01184,0.25685,1.50512
63.71300,-0.54461,-0.01266,0.26949,1.50522
63.77700,-0.58605,-0.01381,0.28996,1.50529
63.83900,-0.60611,-0.01398,0.29995,1.50518
63.90100,-0.63365,-0.01496,0.31350,1.50530
63.96400,-0.66399,-0.01513,0.32863,1.50511
64.02600,-0.68488,-0.01529,0.33904,1.50501
64.08800,-0.67558,-0.01529,0.33439,1.50508
64.15200,-0.62354,-0.01398,0.30866,1.50503
64.21400,-0.59707,-0.01381,0.29546,1.50519
64.27700,-0.55793,-0.01200,0.27630,1.50483
64.33900,-0.53228,-0.01135,0.26362,1.50478
64.40200,-0.50992,-0.01028,0.25267,1.50452
64.46400,-0.47325,-0.00822,0.23480,1.50389
64.52600,-0.44825,-0.00707,0.22255,1.50353
64.58900,-0.41726,-0.00460,0.20760,1.50246
64.65200,-0.39029,-0.00296,0.19449,1.50169
64.71300,-0.36998,-0.00099,0.18477,1.50059
64.77600,-0.33874,0.00115,0.16962,1.49925
64.83800,-0.31539,0.00280,0.15832,1.49804
64.90100,-0.28941,0.00510,0.14584,1.49612
64.96300,-0.26137,0.00773,0.13240,1.49351
65.02600,-0.24550,0.00995,0.12496,1.49115
65.08900,-0.22166,0.01266,0.11364,1.48762
65.15100,-0.20431,0.01414,0.10530,1.48508
65.21400,-0.18705,0.01644,0.09718,1.48120
65.27600,-0.16690,0.01809,0.08747,1.47702
65.33800,-0.15473,0.01924,0.08164,1.47382
65.40100,-0.13829,0.02039,0.07368,1.46925
65.46300,-0.12218,0.02055,0.06566,1.46521
65.52600,-0.10919,0.02088,0.05923,1.46083
65.58800,-0.09291,0.01990,0.05087,1.45655
65.65200,-0.08205,0.01957,0.04538,1.45208
65.71300,-0.06898,0.01891,0.03869,1.44570
65.77600,-0.05007,0.01694,0.02880,1.43466
65.83900,-0.03634,0.01431,0.02135,1.42555
65.90100,-0.02006,0.00987,0.01222,1.41031
65.96400,-0.01636,0.00937,0.01026,1.39853
66.02700,-0.01759,0.00970,0.01095,1.40158
66.08900,-0.01546,0.00888,0.00970,1.39831
66.15100,-0.01463,0.00855,0.00922,1.39693
66.21300,-0.01414,0.00855,0.00897,1.39409
66.27700,-0.01348,0.00839,0.00861,1.39172
66.34000,-0.01348,0.00822,0.00857,1.39339
66.40100,-0.01332,0.00806,0.00845,1.39405
66.46400,-0.01348,0.00789,0.00850,1.39677
66.52800,-0.01233,0.00789,0.00792,1.38927
66.59000,-0.01217,0.00789,0.00784,1.38811
66.65300,-0.01135,0.00789,0.00743,1.38192
66.71300,-0.01184,0.00806,0.00771,1.38389
66.77700,-0.01085,0.00822,0.00725,1.37406
66.83900,-0.01069,0.00822,0.00717,1.37261
66.90200,-0.01085,0.00806,0.00722,1.37595
66.96400,-0.00970,0.00806,0.00664,1.36520
67.02600,-0.01052,0.00822,0.00709,1.37113
67.08900,-0.00954,0.00740,0.00641,1.37179
67.15100,-0.00954,0.00724,0.00638,1.37393
67.21300,-0.00954,0.00773,0.00649,1.36761
67.27600,-0.00937,0.00724,0.00629,1.37228
67.33800,-0.00937,0.00724,0.00629,1.37228
67.40100,-0.00954,0.00691,0.00630,1.37826
67.46400,-0.00954,0.00691,0.00630,1.37826
67.52700,-0.00904,0.00691,0.00606,1.37330
67.58800,-0.00970,0.00691,0.00639,1.37983
67.65100,-0.00872,0.00674,0.00586,1.37207
67.71300,-0.00855,0.00740,0.00592,1.36111
67.77600,-0.00724,0.00724,0.00523,1.34615
67.83900,-0.00806,0.00724,0.00564,1.35737
67.90200,-0.00773,0.00707,0.00544,1.35546
67.96400,-0.00806,0.00707,0.00560,1.35971
68.02600,-0.00756,0.00691,0.00532,1.35567
68.08800,-0.00806,0.00691,0.00556,1.36207
68.15100,-0.00707,0.00691,0.00507,1.34865
68.21300,-0.00707,0.00691,0.00507,1.34865
68.27600,-0.00724,0.00707,0.00519,1.34859
68.33800,-0.00674,0.00691,0.00491,1.34358
68.40100,-0.00724,0.00707,0.00519,1.34859
68.46300,-0.00608,0.00691,0.00458,1.33234
68.52500,-0.00608,0.00707,0.00461,1.32970
68.58900,-0.00674,0.00691,0.00491,1.34358
68.65000,-0.00641,0.00691,0.00474,1.33815
68.71300,-0.00691,0.00674,0.00495,1.34871
68.77700,-0.00674,0.00691,0.00491,1.34358
68.83800,-0.00592,0.00691,0.00449,1.32927
68.90200,-0.00608,0.00691,0.00458,1.33234
68.96300,-0.00608,0.00707,0.00461,1.32970
69.02600,-0.00576,0.00724,0.00449,1.32077
69.08800,-0.01792,0.00904,0.01097,1.40841
69.15000,-0.03996,0.01200,0.02265,1.44111
69.21400,-0.05246,0.01348,0.02922,1.44873
69.27700,-0.06602,0.01431,0.03619,1.45608
69.33800,-0.08353,0.01546,0.04520,1.46200
69.40100,-0.09471,0.01546,0.05079,1.46619
69.46300,-0.11083,0.01447,0.05863,1.47258
69.52600,-0.12300,0.01414,0.06464,1.47569
69.58900,-0.13517,0.01315,0.07051,1.47927
69.65100,-0.15391,0.01184,0.07959,1.48347
69.71400,-0.16822,0.01102,0.08656,1.48586
69.77500,-0.18680,0.00970,0.09556,1.48872
69.83800,-0.20505,0.00839,0.10439,1.49107
69.90000,-0.22010,0.00707,0.11162,1.49296
69.96400,-0.24468,0.00576,0.12362,1.49483
70.02600,-0.26137,0.00378,0.13153,1.49681
70.08800,-0.28546,0.00214,0.14321,1.49834
70.15100,-0.31243,0.00016,0.15625,1.49988
70.21300,-0.33019,-0.00132,0.16480,1.50089
70.27500,-0.35863,-0.00296,0.17866,1.50184
70.33800,-0.38363,-0.00493,0.19072,1.50287
70.40000,-0.40945,-0.00658,0.20326,1.50360
70.46300,-0.44217,-0.00822,0.21926,1.50417
70.52500,-0.46050,-0.00937,0.22817,1.50456
70.58900,-0.49035,-0.01052,0.24284,1.50482
70.65100,-0.51847,-0.01151,0.25668,1.50498
70.71300,-0.54330,-0.01266,0.26883,1.50523
70.77600,-0.58218,-0.01381,0.28802,1.50533
70.83800,-0.60496,-0.01398,0.29937,1.50519
70.90100,-0.62749,-0.01513,0.31038,1.50542
70.96400,-0.66268,-0.01513,0.32798,1.50513
71.02600,-0.68257,-0.01546,0.33785,1.50508
71.08800,-0.70214,-0.01529,0.34767,1.50489
71.15000,-0.62921,-0.01414,0.31146,1.50504
71.21300,-0.59970,-0.01381,0.29678,1.50517
71.27600,-0.56418,-0.01250,0.27931,1.50497
71.33900,-0.53590,-0.01151,0.26539,1.50482
71.40000,-0.51156,-0.01020,0.25351,1.50447
71.46400,-0.47900,-0.00789,0.23775,1.50369
71.52600,-0.45417,-0.00674,0.22559,1.50332
71.58800,-0.42556,-0.00493,0.21168,1.50259
71.65100,-0.39333,-0.00312,0.19597,1.50177
71.71400,-0.37113,-0.00099,0.18535,1.50059
71.77500,-0.34277,0.00066,0.17153,1.49957
71.83900,-0.31736,0.00296,0.15934,1.49794
71.90100,-0.29270,0.00493,0.14744,1.49628
71.96400,-0.26458,0.00756,0.13397,1.49373
72.02600,-0.24830,0.00987,0.12634,1.49132
72.08900,-0.22610,0.01233,0.11579,1.48817
72.15000,-0.20472,0.01414,0.10550,1.48511
72.21300,-0.18943,0.01562,0.09819,1.48232
72.27500,-0.16772,0.01776,0.08781,1.47753
72.33800,-0.15654,0.01891,0.08247,1.47452
72.40100,-0.14092,0.02006,0.07492,1.47025
72.46500,-0.12431,0.02023,0.06665,1.46628
72.52700,-0.11280,0.02023,0.06090,1.46310
72.59000,-0.09480,0.01957,0.05175,1.45798
72.65400,-0.08386,0.01924,0.04621,1.45374
72.71400,-0.07137,0.01907,0.03992,1.44691
72.77600,-0.05229,0.01694,0.02991,1.43708
72.83800,-0.03864,0.01447,0.02254,1.42866
72.90000,-0.02171,0.01003,0.01308,1.41480
72.96400,-0.01677,0.00954,0.01051,1.39913
73.02500,-0.01727,0.00954,0.01075,1.40144
73.08800,-0.01562,0.00937,0.00989,1.39474
73.15000,-0.01529,0.00888,0.00962,1.39744
73.21300,-0.01447,0.00855,0.00914,1.39600
73.27600,-0.01414,0.00855,0.00897,1.39409
73.33900,-0.01348,0.00855,0.00864,1.39006
73.40200,-0.01365,0.00822,0.00865,1.39440
73.46400,-0.01332,0.00806,0.00845,1.39405
73.52600,-0.01250,0.00806,0.00804,1.38864
73.59000,-0.01233,0.00822,0.00799,1.38571
73.65200,-0.01151,0.00822,0.00758,1.37952
73.71500,-0.01167,0.00839,0.00770,1.37900
73.77700,-0.01069,0.00822,0.00717,1.37261
73.83900,-0.01069,0.00839,0.00721,1.37072
73.90100,-0.01085,0.00839,0.00729,1.37218
73.96500,-0.01003,0.00806,0.00681,1.36846
74.02700,-0.01069,0.00822,0.00717,1.37261
74.08900,-0.01020,0.00789,0.00685,1.37200
74.15100,-0.01003,0.00789,0.00677,1.37045
74.21500,-0.01003,0.00822,0.00684,1.36649
74.27600,-0.00954,0.00822,0.00660,1.36150
74.34000,-0.00937,0.00756,0.00637,1.36801
74.40100,-0.00954,0.00789,0.00652,1.36555
74.46400,-0.00921,0.00724,0.00621,1.37059
74.52600,-0.00937,0.00724,0.00629,1.37228
74.59000,-0.01324,0.00280,0.00724,1.45710
74.65200,-0.01579,0.00280,0.00851,1.46352
74.71500,-0.01266,0.00247,0.00688,1.46016
74.77700,-0.01398,0.00329,0.00772,1.45266
74.83900,-0.01348,0.00247,0.00729,1.46241
74.90200,-0.01250,0.00263,0.00683,1.45722
74.96400,-0.01414,0.00312,0.00777,1.45529
75.02700,-0.01266,0.00247,0.00688,1.46016
75.09000,-0.01299,0.00247,0.00704,1.46109
75.15200,-0.01332,0.00247,0.00721,1.46198
75.21400,-0.01250,0.00247,0.00680,1.45968
75.27700,-0.01283,0.00214,0.00689,1.46552
75.33900,-0.01283,0.00214,0.00689,1.46552
75.40200,-0.01283,0.00197,0.00685,1.46800
75.46400,-0.01266,0.00197,0.00677,1.46761
75.52800,-0.01266,0.00197,0.00677,1.46761
75.59000,-0.01250,0.00214,0.00672,1.46467
75.65400,-0.01266,0.00206,0.00679,1.46635
75.71400,-0.01217,0.00230,0.00660,1.46122
75.77800,-0.01217,0.00247,0.00663,1.45868
75.83900,-0.01217,0.00247,0.00663,1.45868
75.90100,-0.01217,0.00247,0.00663,1.45868
75.96500,-0.01217,0.00247,0.00663,1.45868
76.02700,-0.01217,0.00230,0.00660,1.46122
76.08900,-0.01151,0.00247,0.00630,1.45652
76.15100,-0.01102,0.00247,0.00606,1.45475
76.21400,-0.01118,0.00247,0.00614,1.45536
76.27700,-0.01118,0.00247,0.00614,1.45536
76.33900,-0.01118,0.00230,0.00610,1.45808
76.40200,-0.01135,0.00214,0.00615,1.46137
76.46400,-0.01135,0.00214,0.00615,1.46137
76.52600,-0.01135,0.00197,0.00611,1.46413
76.59000,-0.01118,0.00214,0.00607,1.46084
76.65200,-0.01102,0.00247,0.00606,1.45475
76.71400,-0.01151,0.00197,0.00619,1.46460
76.77700,-0.01135,0.00214,0.00615,1.46137
76.84000,-0.01118,0.00230,0.00610,1.45808
76.90100,-0.01118,0.00230,0.00610,1.45808
76.96300,-0.01118,0.00230,0.00610,1.45808
77.02600,-0.01102,0.00230,0.00602,1.45751
77.08800,-0.01102,0.00230,0.00602,1.45751
77.15100,-0.01102,0.00230,0.00602,1.45751
77.21400,-0.01102,0.00247,0.00606,1.45475
77.27600,-0.01085,0.00247,0.00597,1.45413
77.33800,-0.01069,0.00247,0.00589,1.45349
77.40200,-0.01069,0.00230,0.00586,1.45632
77.46300,-0.01020,0.00230,0.00561,1.45440
77.52700,-0.01085,0.00230,0.00594,1.45692
77.58900,-0.01003,0.00230,0.00553,1.45372
77.65200,-0.01003,0.00230,0.00553,1.45372
77.71500,-0.01036,0.00247,0.00573,1.45215
77.77700,-0.00987,0.00230,0.00544,1.45302
77.84000,-0.01052,0.00230,0.00577,1.45570
77.90100,-0.00995,0.00230,0.00549,1.45337
77.96300,-0.00987,0.00230,0.00544,1.45302
78.02600,-0.00987,0.00230,0.00544,1.45302
78.08900,-0.01003,0.00214,0.00549,1.45674
78.15100,-0.00987,0.00230,0.00544,1.45302
