1.85800,-0.93958,-0.20752,0.42368,1.55442
1.87300,-0.94041,-0.20612,0.42440,1.55396
1.88100,-0.94041,-0.20998,0.42354,1.55509
1.89200,-0.94139,-0.20596,0.42493,1.55385
1.90200,-0.94139,-0.20916,0.42422,1.55478
1.91000,-0.94106,-0.20711,0.42451,1.55421
1.91900,-0.94106,-0.20752,0.42442,1.55433
1.93000,-0.93991,-0.20554,0.42428,1.55383
1.94000,-0.94123,-0.20522,0.42501,1.55365
1.94900,-0.93991,-0.20406,0.42461,1.55340
1.96000,-0.93926,-0.20554,0.42395,1.55387
1.97000,-0.93991,-0.20415,0.42459,1.55342
1.98100,-0.93991,-0.20497,0.42441,1.55366
1.99000,-0.94057,-0.20480,0.42477,1.55357
1.99900,-0.94024,-0.20571,0.42441,1.55386
2.01000,-0.94123,-0.20604,0.42483,1.55389
2.01900,-0.94057,-0.20554,0.42461,1.55379
2.03100,-0.94074,-0.20768,0.42422,1.55440
2.03900,-0.94074,-0.20686,0.42440,1.55416
2.05000,-0.93975,-0.20916,0.42339,1.55489
2.05900,-0.93975,-0.20620,0.42405,1.55403
2.06900,-0.94041,-0.20883,0.42380,1.55475
2.08000,-0.94106,-0.20628,0.42469,1.55397
2.09100,-0.93975,-0.20522,0.42427,1.55374
2.10000,-0.94090,-0.20670,0.42452,1.55410
2.11100,-0.94057,-0.20505,0.42472,1.55364
2.12000,-0.94024,-0.20513,0.42454,1.55369
2.13100,-0.94008,-0.20554,0.42436,1.55382
2.14000,-0.94024,-0.20390,0.42481,1.55333
2.15000,-0.94024,-0.20637,0.42426,1.55405
2.15900,-0.94041,-0.20406,0.42486,1.55337
2.17000,-0.94090,-0.20596,0.42468,1.55388
2.17900,-0.94090,-0.20604,0.42466,1.55391
2.19000,-0.94090,-0.20620,0.42463,1.55396
2.19900,-0.94139,-0.20809,0.42445,1.55447
2.21100,-0.94090,-0.20505,0.42488,1.55362
2.22000,-0.94057,-0.21015,0.42359,1.55512
2.23000,-0.94008,-0.20587,0.42429,1.55391
2.24000,-0.94057,-0.20801,0.42406,1.55450
2.24900,-0.94000,-0.20637,0.42414,1.55406
2.26000,-0.93991,-0.20670,0.42402,1.55416
2.27200,-0.94008,-0.20546,0.42438,1.55379
2.28000,-0.94074,-0.20571,0.42465,1.55382
2.29200,-0.94074,-0.20431,0.42497,1.55342
2.30000,-0.94041,-0.20612,0.42440,1.55396
2.31000,-0.94065,-0.20431,0.42492,1.55342
2.32000,-0.94090,-0.20530,0.42483,1.55369
2.33000,-0.94090,-0.20505,0.42488,1.55362
2.34000,-0.93991,-0.20554,0.42428,1.55383
2.34900,-0.94008,-0.20620,0.42422,1.55401
2.36000,-0.94057,-0.20604,0.42450,1.55393
2.37000,-0.93991,-0.20735,0.42388,1.55435
2.38000,-0.93991,-0.20653,0.42406,1.55411
2.39000,-0.94024,-0.20924,0.42362,1.55488
2.40000,-0.94041,-0.20571,0.42449,1.55384
2.41200,-0.94041,-0.20554,0.42453,1.55380
2.42200,-0.94008,-0.20620,0.42422,1.55401
2.43000,-0.94106,-0.20513,0.42495,1.55364
2.44000,-0.93958,-0.20768,0.42364,1.55447
2.45200,-0.94041,-0.20678,0.42425,1.55415
2.46100,-0.94074,-0.20308,0.42524,1.55306
2.47100,-0.94008,-0.20448,0.42460,1.55351
2.48100,-0.94024,-0.20390,0.42481,1.55333
2.49000,-0.94074,-0.20587,0.42462,1.55387
2.50000,-0.93991,-0.20620,0.42413,1.55402
2.51000,-0.94008,-0.20637,0.42418,1.55406
2.52200,-0.93975,-0.20645,0.42400,1.55410
2.53000,-0.93991,-0.20735,0.42388,1.55435
2.54000,-0.94008,-0.20497,0.42449,1.55365
2.55100,-0.94057,-0.20620,0.42446,1.55398
2.56000,-0.94024,-0.20587,0.42437,1.55390
2.57100,-0.94041,-0.20768,0.42405,1.55442
2.58100,-0.94106,-0.20620,0.42471,1.55395
2.59100,-0.94123,-0.20374,0.42534,1.55322
2.60100,-0.94057,-0.20530,0.42466,1.55372
2.61100,-0.94074,-0.20316,0.42522,1.55309
2.62100,-0.94024,-0.20423,0.42474,1.55343
2.63100,-0.94008,-0.20456,0.42458,1.55353
2.64100,-0.94024,-0.20579,0.42439,1.55388
2.65100,-0.93958,-0.20522,0.42419,1.55375
2.66100,-0.94057,-0.20702,0.42428,1.55422
2.67100,-0.94024,-0.20604,0.42433,1.55395
2.68100,-0.94041,-0.20604,0.42442,1.55394
2.69100,-0.93991,-0.20464,0.42448,1.55357
2.70000,-0.94008,-0.20538,0.42440,1.55377
2.71100,-0.94008,-0.20604,0.42425,1.55396
2.72100,-0.94057,-0.20678,0.42433,1.55414
2.73100,-0.94024,-0.20628,0.42428,1.55402
2.74000,-0.94139,-0.20456,0.42524,1.55345
2.75000,-0.94074,-0.20464,0.42489,1.55351
2.76100,-0.94106,-0.20324,0.42537,1.55309
2.77100,-0.94090,-0.20497,0.42490,1.55360
2.78000,-0.94057,-0.20308,0.42516,1.55307
2.79000,-0.94065,-0.20604,0.42454,1.55392
2.80000,-0.94024,-0.20711,0.42410,1.55426
2.81000,-0.93991,-0.20637,0.42410,1.55407
2.82000,-0.94074,-0.20497,0.42482,1.55361
2.83000,-0.94057,-0.20628,0.42444,1.55400
2.84000,-0.94123,-0.20431,0.42521,1.55339
2.85000,-0.94008,-0.20686,0.42407,1.55420
2.86000,-0.93991,-0.20554,0.42428,1.55383
2.87000,-0.94057,-0.20785,0.42410,1.55445
2.88100,-0.94090,-0.20538,0.42481,1.55372
2.89200,-0.94090,-0.20357,0.42521,1.55319
2.90100,-0.94090,-0.20505,0.42488,1.55362
2.91000,-0.94041,-0.20283,0.42513,1.55301
2.92000,-0.94008,-0.20390,0.42473,1.55334
2.93000,-0.94000,-0.20374,0.42472,1.55330
2.94000,-0.94057,-0.20554,0.42461,1.55379
2.95000,-0.94057,-0.20653,0.42439,1.55407
2.96100,-0.94090,-0.20670,0.42452,1.55410
2.97000,-0.94148,-0.20554,0.42506,1.55373
2.98000,-0.94090,-0.20661,0.42454,1.55408
2.99100,-0.94074,-0.20505,0.42480,1.55363
3.00000,-0.94041,-0.20686,0.42423,1.55418
3.01100,-0.93991,-0.20596,0.42419,1.55395
3.02000,-0.94024,-0.20793,0.42391,1.55450
3.03400,-0.93991,-0.20596,0.42419,1.55395
3.04100,-0.94041,-0.20374,0.42493,1.55327
3.04900,-0.94090,-0.20604,0.42466,1.55391
3.05900,-0.94090,-0.20258,0.42543,1.55291
3.07000,-0.94213,-0.20489,0.42554,1.55350
3.08000,-0.94090,-0.20522,0.42485,1.55367
3.09100,-0.94041,-0.20489,0.42467,1.55361
3.10100,-0.93991,-0.20538,0.42432,1.55378
3.11000,-0.93975,-0.20637,0.42402,1.55408
3.12100,-0.93958,-0.20752,0.42368,1.55442
3.13000,-0.94008,-0.20604,0.42425,1.55396
3.14000,-0.94032,-0.20530,0.42454,1.55373
3.15100,-0.94024,-0.20752,0.42401,1.55438
3.16100,-0.94115,-0.20448,0.42513,1.55344
3.17000,-0.94024,-0.20711,0.42410,1.55426
3.18000,-0.94041,-0.20645,0.42433,1.55406
3.18900,-0.94057,-0.20554,0.42461,1.55379
3.20000,-0.93991,-0.20587,0.42421,1.55392
3.21000,-0.94074,-0.20522,0.42476,1.55368
3.22000,-0.94024,-0.20513,0.42454,1.55369
3.23100,-0.94024,-0.20316,0.42497,1.55312
3.24100,-0.94049,-0.20374,0.42497,1.55327
3.25100,-0.94106,-0.20505,0.42497,1.55361
3.26000,-0.94123,-0.20571,0.42490,1.55379
3.27200,-0.94090,-0.20554,0.42477,1.55377
3.28200,-0.93975,-0.20653,0.42398,1.55413
3.29100,-0.94008,-0.20587,0.42429,1.55391
3.30100,-0.93967,-0.20735,0.42375,1.55437
3.31100,-0.93876,-0.20513,0.42380,1.55378
3.32100,-0.94024,-0.20957,0.42355,1.55498
3.33200,-0.94090,-0.20620,0.42463,1.55396
3.34200,-0.94156,-0.20883,0.42437,1.55468
3.35200,-0.94148,-0.20587,0.42499,1.55382
3.36000,-0.94205,-0.20571,0.42531,1.55374
3.37100,-0.94090,-0.20686,0.42448,1.55415
3.38200,-0.94041,-0.20604,0.42442,1.55394
3.39200,-0.93843,-0.20538,0.42358,1.55387
3.40000,-0.89075,-0.19494,0.40205,1.55387
3.40900,-0.92791,-0.21072,0.41713,1.55613
3.42000,-0.94509,-0.19995,0.42811,1.55190
3.43500,-0.98990,-0.21196,0.44785,1.55259
3.44100,-1.02164,-0.22626,0.46054,1.55459
3.45000,-0.96063,-0.20834,0.43402,1.55334
3.46000,-0.94139,-0.21393,0.42316,1.55617
3.47000,-0.88220,-0.19288,0.39824,1.55382
3.48100,-0.91212,-0.20308,0.41093,1.55491
3.49100,-0.92051,-0.19518,0.41688,1.55202
3.50100,-0.97938,-0.21459,0.44200,1.55394
3.51100,-0.96195,-0.20645,0.43510,1.55272
3.52000,-0.98184,-0.21788,0.44250,1.55471
3.53000,-0.92372,-0.20267,0.41682,1.55402
3.54100,-0.92544,-0.20702,0.41672,1.55520
3.55100,-0.88565,-0.19444,0.39961,1.55406
3.56000,-0.92988,-0.20448,0.41950,1.55416
3.57100,-0.92668,-0.20110,0.41865,1.55337
3.58000,-0.97264,-0.21056,0.43953,1.55323
3.59100,-0.95257,-0.20382,0.43099,1.55254
3.60000,-0.97009,-0.21401,0.43749,1.55435
3.61000,-0.92240,-0.20078,0.41658,1.55355
3.62000,-0.93243,-0.21089,0.41935,1.55588
3.63100,-0.90160,-0.19634,0.40717,1.55358
3.64100,-0.94665,-0.20916,0.42685,1.55445
3.65100,-0.93975,-0.20242,0.42489,1.55293
3.66000,-0.98217,-0.21525,0.44325,1.55396
3.67100,-0.95126,-0.20324,0.43046,1.55246
3.68100,-0.95891,-0.21681,0.43127,1.55586
3.69000,-0.89831,-0.19371,0.40611,1.55300
3.70100,-0.91739,-0.20735,0.41261,1.55584
3.71100,-0.88992,-0.19173,0.40236,1.55295
3.72100,-0.94468,-0.20850,0.42601,1.55438
3.73100,-0.93449,-0.20275,0.42219,1.55336
3.74200,-0.97658,-0.21467,0.44059,1.55414
3.75200,-0.94633,-0.20554,0.42749,1.55342
3.76100,-0.96458,-0.21525,0.43446,1.55505
3.77200,-0.91270,-0.19773,0.41241,1.55327
3.78100,-0.94008,-0.20982,0.42341,1.55506
3.79200,-0.90522,-0.19617,0.40901,1.55329
3.80200,-0.95356,-0.21130,0.42983,1.55462
3.81100,-0.93136,-0.20267,0.42064,1.55353
3.82200,-0.97551,-0.21516,0.43994,1.55434
3.83200,-0.93465,-0.20160,0.42253,1.55301
3.84300,-0.95118,-0.21377,0.42808,1.55548
3.85100,-0.90045,-0.19543,0.40680,1.55338
3.86100,-0.93070,-0.20653,0.41946,1.55471
3.87000,-0.90604,-0.19782,0.40906,1.55373
3.88500,-0.94624,-0.20744,0.42703,1.55397
3.89200,-0.92758,-0.20349,0.41857,1.55402
3.90100,-0.96047,-0.20957,0.43366,1.55370
3.91100,-0.93153,-0.20719,0.41972,1.55485
3.92100,-0.95151,-0.20883,0.42935,1.55404
3.93000,-0.92232,-0.20637,0.41530,1.55521
3.94300,-0.94509,-0.20686,0.42658,1.55388
3.95300,-0.92067,-0.20694,0.41435,1.55549
3.96100,-0.95570,-0.21007,0.43117,1.55413
3.97100,-0.93662,-0.20768,0.42216,1.55466
3.98100,-0.97116,-0.21360,0.43811,1.55417
3.99100,-0.93662,-0.20538,0.42267,1.55399
4.00100,-0.95208,-0.21040,0.42929,1.55446
4.01100,-0.90900,-0.20110,0.40981,1.55453
4.02100,-0.92939,-0.20349,0.41947,1.55390
4.03200,-0.90407,-0.19971,0.40765,1.55443
4.04100,-0.93958,-0.20966,0.42320,1.55504
4.05100,-0.92857,-0.20349,0.41906,1.55395
4.06100,-0.96376,-0.21475,0.43416,1.55496
4.07100,-0.93991,-0.20571,0.42424,1.55388
4.08100,-0.96228,-0.21196,0.43404,1.55426
4.09100,-0.92084,-0.20258,0.41540,1.55419
4.10100,-0.94542,-0.20834,0.42641,1.55429
4.11100,-0.91097,-0.19946,0.41116,1.55390
4.12100,-0.95027,-0.20768,0.42898,1.55379
4.13000,-0.93054,-0.20456,0.41981,1.55414
4.14000,-0.96968,-0.21327,0.43744,1.55417
4.15000,-0.93712,-0.19354,0.42555,1.55053
4.16000,-1.02641,-0.22610,0.46296,1.55426
4.16900,-0.98201,-0.20908,0.44454,1.55226
4.18000,-1.04170,-0.23169,0.46936,1.55485
4.19000,-1.02501,-0.22314,0.46292,1.55356
4.20000,-1.05798,-0.23062,0.47774,1.55364
4.21000,-1.07195,-0.24024,0.48259,1.55531
4.22000,-1.06390,-0.23120,0.48057,1.55345
4.23100,-1.11668,-0.25076,0.50262,1.55544
4.24100,-1.12013,-0.24468,0.50569,1.55376
4.25300,-1.14792,-0.25668,0.51692,1.55517
4.26300,-1.16256,-0.25323,0.52501,1.55359
4.27400,-1.19273,-0.26787,0.53684,1.55544
4.28200,-1.18188,-0.26474,0.53211,1.55528
4.29300,-1.20844,-0.26704,0.54487,1.55446
4.30300,-1.22258,-0.27510,0.55016,1.55556
4.31200,-1.26319,-0.28036,0.56929,1.55472
4.32200,-1.29822,-0.29829,0.58282,1.55687
4.33100,-1.30529,-0.29089,0.58800,1.55497
4.34200,-1.37205,-0.31662,0.61566,1.55714
4.35100,-1.35067,-0.30684,0.60715,1.55615
4.36200,-1.40938,-0.32714,0.63199,1.55752
4.37300,-1.38751,-0.31473,0.62381,1.55606
4.38200,-1.45525,-0.34022,0.65202,1.55798
4.39300,-1.41299,-0.31777,0.63588,1.55553
4.40200,-1.49924,-0.35222,0.67135,1.55829
4.41200,-1.45016,-0.32813,0.65216,1.55591
4.42300,-1.53024,-0.35222,0.68685,1.55698
4.43200,-1.49866,-0.34400,0.67289,1.55680
4.44100,-1.58039,-0.36307,0.70951,1.55686
4.45200,-1.56592,-0.34499,0.70630,1.55427
4.46200,-1.63753,-0.38207,0.73386,1.55785
4.47300,-1.62331,-0.36595,0.73033,1.55568
4.48200,-1.68168,-0.38683,0.75488,1.55694
4.49100,-1.68349,-0.38478,0.75624,1.55653
4.50200,-1.73677,-0.40780,0.77776,1.55826
4.51100,-1.72739,-0.39522,0.77587,1.55660
4.52200,-1.77631,-0.41906,0.79503,1.55857
4.53100,-1.76283,-0.41602,0.78897,1.55859
4.54200,-1.81643,-0.42128,0.81460,1.55746
4.55200,-1.79160,-0.40961,0.80478,1.55655
4.56400,-1.85680,-0.43649,0.83140,1.55833
4.57500,-1.81997,-0.40755,0.81942,1.55526
4.58600,-1.89487,-0.45253,0.84687,1.55937
4.59700,-1.86363,-0.41495,0.83960,1.55491
4.60700,-1.94313,-0.46527,0.86817,1.55955
4.61500,-1.91806,-0.44217,0.86077,1.55708
4.62300,-1.99740,-0.47958,0.89213,1.55973
4.63400,-1.98884,-0.46075,0.89203,1.55739
4.64200,-2.05741,-0.49331,0.91908,1.55964
4.65200,-2.05149,-0.46790,0.92177,1.55640
4.66200,-2.11217,-0.50432,0.94401,1.55936
4.67300,-2.09655,-0.48097,0.94139,1.55677
4.68300,-2.15328,-0.51386,0.96245,1.55932
4.69200,-2.13634,-0.49717,0.95769,1.55768
4.70200,-2.19653,-0.51912,0.98290,1.55868
4.71300,-2.17318,-0.50309,0.97479,1.55734
4.72500,-2.23352,-0.52702,0.99965,1.55858
4.73400,-2.21067,-0.50621,0.99284,1.55665
4.74200,-2.27661,-0.53688,1.01900,1.55854
4.75400,-2.24873,-0.52175,1.00842,1.55749
4.76300,-2.31969,-0.55415,1.03670,1.55939
4.77400,-2.29634,-0.54173,1.02778,1.55857
4.78200,-2.36524,-0.57174,1.05556,1.56018
4.79100,-2.35389,-0.55892,1.05274,1.55899
4.80300,-2.36310,-0.55883,1.05736,1.55872
4.81300,-2.39072,-0.57988,1.06650,1.56041
4.82300,-2.32750,-0.54889,1.04177,1.55854
4.83300,-2.36721,-0.57076,1.05677,1.56001
4.84400,-2.29749,-0.54642,1.02732,1.55910
4.85200,-2.33909,-0.57372,1.04205,1.56117
4.86200,-2.26896,-0.54510,1.01335,1.55977
4.87100,-2.30275,-0.56574,1.02566,1.56129
4.88300,-2.24520,-0.54198,1.00216,1.56009
4.89400,-2.27628,-0.55859,1.01401,1.56121
4.90200,-2.24660,-0.53080,1.00534,1.55866
4.91100,-2.26172,-0.54823,1.00903,1.56037
4.92200,-2.21396,-0.53606,0.98785,1.56029
4.93200,-2.23977,-0.55037,0.99758,1.56130
4.94100,-2.17638,-0.52611,0.97128,1.56019
4.95300,-2.20409,-0.54173,0.98166,1.56132
4.96200,-2.13264,-0.51830,0.95114,1.56055
4.97100,-2.15640,-0.52422,0.96171,1.56057
4.98200,-2.10839,-0.51748,0.93920,1.56122
4.99200,-2.10395,-0.51263,0.93806,1.56072
5.00100,-2.06999,-0.49808,0.92431,1.55987
5.01200,-2.05421,-0.50638,0.91457,1.56152
5.02200,-2.03595,-0.48525,0.91014,1.55924
5.03400,-2.00932,-0.49857,0.89387,1.56197
5.04200,-2.00200,-0.48706,0.89276,1.56062
5.05300,-1.97347,-0.48434,0.87910,1.56122
5.06400,-1.96278,-0.48212,0.87425,1.56127
5.07200,-1.94593,-0.47571,0.86725,1.56095
5.08300,-1.92998,-0.47341,0.85979,1.56118
5.10800,-1.92307,-0.46774,0.85759,1.56060
5.13200,-1.90383,-0.46149,0.84936,1.56037
5.15500,-1.88722,-0.45064,0.84347,1.55936
5.18000,-1.86215,-0.45302,0.83040,1.56062
5.20200,-1.83534,-0.44233,0.81938,1.55998
5.22200,-1.79728,-0.43633,0.80168,1.56047
5.22600,-1.77459,-0.43074,0.79157,1.56046
5.23100,-1.72443,-0.42021,0.76884,1.56073
5.23600,-1.72098,-0.42457,0.76614,1.56157
5.23900,-1.66589,-0.40665,0.74258,1.56085
5.24300,-1.68546,-0.41175,0.75123,1.56090
5.24700,-1.63309,-0.39391,0.72901,1.56004
5.25100,-1.65792,-0.40451,0.73907,1.56081
5.25500,-1.59453,-0.38527,0.71165,1.56015
5.25900,-1.62923,-0.40476,0.72467,1.56206
5.26500,-1.55572,-0.37491,0.69455,1.55998
5.26800,-1.59017,-0.39530,0.70724,1.56210
5.27300,-1.50458,-0.36225,0.67179,1.55991
5.27900,-1.55786,-0.38264,0.69390,1.56127
5.28500,-1.45640,-0.35255,0.64986,1.56028
5.29100,-1.49883,-0.36982,0.66723,1.56158
5.30100,-1.39688,-0.34022,0.62284,1.56069
5.31100,-1.44580,-0.35576,0.64384,1.56139
5.32100,-1.34179,-0.32920,0.59774,1.56119
5.33000,-1.39277,-0.34153,0.62049,1.56116
5.33900,-1.29953,-0.31358,0.58008,1.56006
5.35100,-1.34163,-0.32608,0.59835,1.56055
5.36100,-1.26221,-0.30207,0.56398,1.55951
5.37000,-1.30455,-0.31678,0.58188,1.56049
5.38000,-1.23121,-0.29713,0.54958,1.56007
5.38900,-1.28334,-0.31226,0.57228,1.56063
5.40000,-1.23137,-0.29450,0.55024,1.55947
5.41100,-1.24724,-0.31243,0.55419,1.56264
5.42100,-1.17242,-0.27625,0.52482,1.55849
5.43000,-1.22504,-0.29812,0.54627,1.56064
5.43900,-1.15532,-0.27535,0.51647,1.55924
5.45300,-1.16420,-0.28546,0.51867,1.56115
5.46300,-1.08396,-0.25282,0.48580,1.55782
5.47300,-1.14644,-0.27642,0.51180,1.56001
5.48300,-1.10912,-0.25816,0.49719,1.55769
5.49300,-1.17144,-0.28349,0.52272,1.56026
5.50300,-1.12441,-0.26145,0.50410,1.55763
5.51300,-1.16108,-0.28168,0.51794,1.56043
5.52300,-1.09892,-0.25677,0.49240,1.55794
5.53300,-1.12770,-0.27362,0.50304,1.56044
5.54400,-1.07738,-0.25109,0.48289,1.55778
5.55300,-1.11109,-0.26778,0.49604,1.55998
5.56300,-1.07689,-0.25224,0.48239,1.55810
5.57100,-1.11701,-0.26795,0.49896,1.55967
5.58200,-1.08100,-0.25405,0.48404,1.55832
5.59100,-1.11898,-0.26902,0.49971,1.55982
5.60200,-1.07426,-0.25233,0.48106,1.55828
5.61100,-1.10435,-0.26622,0.49301,1.56000
5.62200,-1.06061,-0.24863,0.47505,1.55815
5.63200,-1.09892,-0.26195,0.49125,1.55925
5.64100,-1.07245,-0.25076,0.48050,1.55799
5.65200,-1.11775,-0.26597,0.49977,1.55913
5.66100,-1.09054,-0.25397,0.48883,1.55773
5.67200,-1.11717,-0.26836,0.49895,1.55976
5.68400,-1.07195,-0.25126,0.48014,1.55814
5.69200,-1.09382,-0.26515,0.48799,1.56037
5.70200,-1.05288,-0.24748,0.47145,1.55833
5.71100,-1.08281,-0.26129,0.48334,1.56007
5.72300,-1.05625,-0.24731,0.47317,1.55807
5.73300,-1.09086,-0.26129,0.48737,1.55957
5.74300,-1.06505,-0.25027,0.47691,1.55831
5.75300,-1.09465,-0.25964,0.48962,1.55892
5.76300,-1.05650,-0.24805,0.47313,1.55825
5.77200,-1.07861,-0.25635,0.48234,1.55905
5.78100,-1.04005,-0.24345,0.46593,1.55806
5.79200,-1.06686,-0.25372,0.47705,1.55910
5.80100,-1.04770,-0.24517,0.46937,1.55804
5.81300,-1.08708,-0.25783,0.48624,1.55892
5.82200,-1.07245,-0.24928,0.48083,1.55761
5.83200,-1.10221,-0.26269,0.49273,1.55924
5.84100,-1.06817,-0.24822,0.47893,1.55759
5.85300,-1.08462,-0.25693,0.48521,1.55884
5.86300,-1.04186,-0.24123,0.46733,1.55735
5.87300,-1.06250,-0.25323,0.47498,1.55924
5.88300,-1.03339,-0.24090,0.46316,1.55779
5.89300,-1.06809,-0.25340,0.47774,1.55893
5.90300,-1.04795,-0.24320,0.46993,1.55750
5.91300,-1.08429,-0.25660,0.48512,1.55877
5.92100,-1.05173,-0.24320,0.47182,1.55727
5.93100,-1.07459,-0.25520,0.48058,1.55900
5.94000,-1.03052,-0.23917,0.46211,1.55751
5.95000,-1.05568,-0.25076,0.47211,1.55902
5.96200,-1.03315,-0.24073,0.46308,1.55776
5.97400,-1.07426,-0.25183,0.48117,1.55815
5.98000,-1.05880,-0.24443,0.47508,1.55717
5.99000,-1.09234,-0.25751,0.48895,1.55852
6.00000,-1.05436,-0.24369,0.47303,1.55724
6.01000,-1.07343,-0.25553,0.47993,1.55916
6.02000,-1.02969,-0.23909,0.46172,1.55754
6.03100,-1.05510,-0.25208,0.47153,1.55940
6.04100,-1.02230,-0.23777,0.45831,1.55765
6.05200,-1.06209,-0.25126,0.47521,1.55875
6.06100,-1.03890,-0.24131,0.46583,1.55756
6.07100,-1.07541,-0.25537,0.48096,1.55900
6.08100,-1.04022,-0.24353,0.46599,1.55807
6.09100,-1.06390,-0.25348,0.47562,1.55922
6.10100,-1.01769,-0.23925,0.45568,1.55834
6.11100,-1.04367,-0.24879,0.46655,1.55925
6.12100,-1.01917,-0.23712,0.45689,1.55766
6.13100,-1.06324,-0.25076,0.47589,1.55855
6.14100,-1.04976,-0.24123,0.47127,1.55687
6.15100,-1.09012,-0.25635,0.48809,1.55836
6.16300,-1.05230,-0.23958,0.47291,1.55629
6.17200,-1.07097,-0.25422,0.47899,1.55897
6.18200,-1.04022,-0.24156,0.46643,1.55754
6.19200,-1.04770,-0.24419,0.46959,1.55778
6.20200,-1.04893,-0.24657,0.46967,1.55833
6.21200,-1.04959,-0.24600,0.47013,1.55814
6.22000,-1.06110,-0.24723,0.47561,1.55776
6.23000,-1.05362,-0.24468,0.47244,1.55755
6.24000,-1.06850,-0.25241,0.47816,1.55865
6.25000,-1.03907,-0.24188,0.46578,1.55770
6.26000,-1.06061,-0.25142,0.47443,1.55888
6.27100,-1.02682,-0.23818,0.46048,1.55747
6.28100,-1.05370,-0.24879,0.47156,1.55862
6.29100,-1.02969,-0.24024,0.46146,1.55785
6.30100,-1.05814,-0.24920,0.47369,1.55845
6.31100,-1.03430,-0.23991,0.46384,1.55747
6.32100,-1.05765,-0.25027,0.47321,1.55876
6.33300,-1.02024,-0.23366,0.45819,1.55666
6.34300,-1.03726,-0.24698,0.46374,1.55918
6.35100,-1.00782,-0.22980,0.45285,1.55638
6.36200,-1.04548,-0.24739,0.46776,1.55876
6.37100,-1.02246,-0.23539,0.45892,1.55699
6.38200,-1.06554,-0.25224,0.47672,1.55879
6.39100,-1.03035,-0.23662,0.46259,1.55683
6.40300,-1.06554,-0.25446,0.47622,1.55937
6.41200,-1.01851,-0.23161,0.45779,1.55621
6.42200,-1.05469,-0.25192,0.47136,1.55938
6.43200,-1.01152,-0.23317,0.45395,1.55707
6.44200,-1.05230,-0.24994,0.47061,1.55901
6.45200,-1.02303,-0.23481,0.45934,1.55680
6.46200,-1.06628,-0.25060,0.47745,1.55832
6.47200,-1.02821,-0.23449,0.46200,1.55639
6.48300,-1.05337,-0.24978,0.47118,1.55890
6.49600,-1.00437,-0.22815,0.45148,1.55615
6.50400,-1.03463,-0.24649,0.46254,1.55921
6.51300,-0.99557,-0.22741,0.44725,1.55650
6.52300,-1.04449,-0.24550,0.46769,1.55832
6.53200,-1.01292,-0.23416,0.45443,1.55725
6.54200,-1.06069,-0.24961,0.47488,1.55840
6.55200,-1.02427,-0.23555,0.45979,1.55692
6.56200,-1.06258,-0.25257,0.47516,1.55906
6.57300,-1.01539,-0.23407,0.45568,1.55708
6.58300,-1.05288,-0.24863,0.47119,1.55863
6.59100,-1.00462,-0.22939,0.45133,1.55647
6.60200,-1.04902,-0.24731,0.46955,1.55852
6.61200,-1.01292,-0.22758,0.45589,1.55547
6.62200,-1.06086,-0.24797,0.47532,1.55796
6.63200,-1.01736,-0.22857,0.45789,1.55546
6.64300,-1.04926,-0.24608,0.46995,1.55818
6.65100,-1.00338,-0.22906,0.45079,1.55646
6.66200,-1.03315,-0.24287,0.46260,1.55833
6.67200,-0.99187,-0.22692,0.44551,1.55659
6.68300,-1.03677,-0.24139,0.46474,1.55771
6.69300,-1.00799,-0.22939,0.45302,1.55626
6.70300,-1.05354,-0.24402,0.47254,1.55738
6.71400,-1.02608,-0.23646,0.46049,1.55705
6.72300,-1.05411,-0.25002,0.47150,1.55892
6.73300,-1.01572,-0.23383,0.45590,1.55699
6.74300,-1.03964,-0.24649,0.46505,1.55889
6.75300,-1.00141,-0.22741,0.45017,1.55613
6.76200,-1.04359,-0.24328,0.46773,1.55779
6.77200,-1.01761,-0.23177,0.45730,1.55631
6.78200,-1.05633,-0.24632,0.47343,1.55781
6.79200,-1.02542,-0.23884,0.45963,1.55774
6.80200,-1.04104,-0.24460,0.46617,1.55830
6.81300,-1.00503,-0.24188,0.44876,1.55989
6.82300,-1.01473,-0.23744,0.45460,1.55804
6.83300,-0.99039,-0.23605,0.44274,1.55924
6.84200,-1.01769,-0.23728,0.45612,1.55780
6.85200,-1.01194,-0.23498,0.45375,1.55754
6.86200,-1.04408,-0.24452,0.46770,1.55809
6.87200,-1.02739,-0.23901,0.46058,1.55766
6.88100,-1.04367,-0.24509,0.46737,1.55827
6.89200,-1.01506,-0.23917,0.45438,1.55849
6.90100,-1.02945,-0.24238,0.46086,1.55844
6.91200,-1.00700,-0.23564,0.45114,1.55804
6.92100,-1.02509,-0.24164,0.45885,1.55851
6.93100,-1.01786,-0.23662,0.45634,1.55761
6.94800,-1.03627,-0.24238,0.46427,1.55801
6.95500,-1.02098,-0.23843,0.45751,1.55791
6.96300,-1.05814,-0.25002,0.47351,1.55867
6.97200,-1.06620,-0.24723,0.47816,1.55745
6.98400,-1.07705,-0.25422,0.48203,1.55860
6.99200,-1.11874,-0.25438,0.50284,1.55621
7.01100,-1.12975,-0.26803,0.50531,1.55894
7.01900,-1.14143,-0.26219,0.51245,1.55685
7.02700,-1.13970,-0.27477,0.50879,1.56001
7.03900,-1.18903,-0.27148,0.53419,1.55647
7.04800,-1.16322,-0.27806,0.51982,1.55944
7.05500,-1.22003,-0.28234,0.54727,1.55732
7.06400,-1.21929,-0.28990,0.54522,1.55908
7.07100,-1.24642,-0.29122,0.55850,1.55794
7.08800,-1.24938,-0.29713,0.55866,1.55910
7.09500,-1.29230,-0.30355,0.57869,1.55828
7.10400,-1.29559,-0.30733,0.57950,1.55893
7.11200,-1.34130,-0.31654,0.60031,1.55859
7.12200,-1.34245,-0.32147,0.59979,1.55955
7.13200,-1.38085,-0.32608,0.61796,1.55863
7.14200,-1.38899,-0.33791,0.61940,1.56062
7.15200,-1.43667,-0.33561,0.64376,1.55793
7.16200,-1.45196,-0.34926,0.64837,1.55985
7.17200,-1.47367,-0.34647,0.65984,1.55834
7.19000,-1.46865,-0.35551,0.65533,1.56028
7.19800,-1.50393,-0.34934,0.67433,1.55756
7.20700,-1.49833,-0.36135,0.66887,1.56003
7.21500,-1.54397,-0.36636,0.69057,1.55895
7.22300,-1.53698,-0.37269,0.68567,1.56039
7.23200,-1.59732,-0.38001,0.71422,1.55912
7.24100,-1.58433,-0.38387,0.70686,1.56034
7.25300,-1.64419,-0.39711,0.73385,1.56013
7.26200,-1.64970,-0.39432,0.73722,1.55943
7.27100,-1.71786,-0.40805,0.76825,1.55902
7.28300,-1.71128,-0.41536,0.76334,1.56046
7.29400,-1.77935,-0.42104,0.79611,1.55876
7.30100,-1.75831,-0.41767,0.78634,1.55902
7.31200,-1.83469,-0.43937,0.81971,1.55956
7.32200,-1.79678,-0.42260,0.80448,1.55837
7.33300,-1.86502,-0.44250,0.83418,1.55894
7.34200,-1.83493,-0.42638,0.82272,1.55758
7.35200,-1.88311,-0.45343,0.84079,1.55992
7.36200,-1.87604,-0.44825,0.83841,1.55940
7.37200,-1.91468,-0.46149,0.85479,1.55999
7.38100,-1.91822,-0.46560,0.85564,1.56046
7.39200,-1.95440,-0.46387,0.87411,1.55896
7.40100,-1.96796,-0.48319,0.87660,1.56125
7.41400,-1.99723,-0.46922,0.89434,1.55829
7.42300,-1.97339,-0.48319,0.87932,1.56106
7.43400,-2.05413,-0.49528,0.91700,1.56001
7.44300,-2.03727,-0.50021,0.90748,1.56125
7.45300,-2.11883,-0.50235,0.94778,1.55889
7.46400,-2.09688,-0.51583,0.93381,1.56138
7.47300,-2.16759,-0.51534,0.96927,1.55908
7.48300,-2.14966,-0.51403,0.96060,1.55946
7.49400,-2.20573,-0.52981,0.98513,1.55976
7.50300,-2.19406,-0.53104,0.97902,1.56027
7.51200,-2.24323,-0.54362,1.00081,1.56035
7.52200,-2.23023,-0.54683,0.99360,1.56115
7.53300,-2.27513,-0.55012,1.01531,1.56020
7.54300,-2.25424,-0.54831,1.00527,1.56060
7.55300,-2.31607,-0.55809,1.03401,1.55997
7.56300,-2.29782,-0.55966,1.02454,1.56069
7.57300,-2.37025,-0.57750,1.05679,1.56072
7.58600,-2.35479,-0.56928,1.05089,1.56019
7.59500,-2.42205,-0.59657,1.07845,1.56146
7.60400,-2.39878,-0.57651,1.07128,1.55979
7.61300,-2.41029,-0.58810,1.07446,1.56082
7.62400,-2.40692,-0.60216,1.06965,1.56255
7.63300,-2.37502,-0.58613,1.05726,1.56160
7.64400,-2.38793,-0.58654,1.06362,1.56127
7.65300,-2.34550,-0.58572,1.04259,1.56242
7.66400,-2.36047,-0.58753,1.04967,1.56219
7.67300,-2.31993,-0.58736,1.02944,1.56340
7.68300,-2.33794,-0.58572,1.03881,1.56265
7.69400,-2.30670,-0.57659,1.02522,1.56249
7.70300,-2.31443,-0.57437,1.02957,1.56199
7.71300,-2.28861,-0.56796,1.01809,1.56199
7.72300,-2.28647,-0.56525,1.01763,1.56172
7.73300,-2.25827,-0.55407,1.00601,1.56120
7.74300,-2.25515,-0.56319,1.00242,1.56243
7.75300,-2.21872,-0.53992,0.98938,1.56064
7.76300,-2.21527,-0.55464,0.98438,1.56260
7.77300,-2.17153,-0.53696,0.96644,1.56173
7.78300,-2.15994,-0.53705,0.96063,1.56212
7.79300,-2.11069,-0.52751,0.93812,1.56248
7.80400,-2.10970,-0.52208,0.93883,1.56179
7.81200,-2.06103,-0.50802,0.91762,1.56151
7.82200,-2.06522,-0.51509,0.91815,1.56233
7.83200,-2.02370,-0.49339,0.90221,1.56076
7.84200,-2.02412,-0.50843,0.89907,1.56283
7.85200,-2.00052,-0.49388,0.89051,1.56162
7.86200,-1.99032,-0.49881,0.88431,1.56267
7.87200,-1.98654,-0.49405,0.88348,1.56213
7.88200,-1.95053,-0.48903,0.86659,1.56270
7.89100,-1.94856,-0.48755,0.86593,1.56256
7.90100,-1.91978,-0.47793,0.85368,1.56221
7.91200,-1.89076,-0.47736,0.83930,1.56319
7.92100,-1.87325,-0.46617,0.83303,1.56218
7.93200,-1.83460,-0.46009,0.81506,1.56272
7.94100,-1.83872,-0.45138,0.81905,1.56123
7.95100,-1.77796,-0.45031,0.78891,1.56342
7.96100,-1.81224,-0.44217,0.80786,1.56081
7.97100,-1.72871,-0.43723,0.76719,1.56332
7.98000,-1.76653,-0.42975,0.78776,1.56061
7.99000,-1.68522,-0.42819,0.74745,1.56365
8.00300,-1.71596,-0.42391,0.76378,1.56167
8.01000,-1.64912,-0.41643,0.73202,1.56321
8.02100,-1.70717,-0.41183,0.76207,1.56005
8.03500,-1.61015,-0.40566,0.71493,1.56305
8.04100,-1.67050,-0.39645,0.74715,1.55896
8.05100,-1.57102,-0.39777,0.69711,1.56340
8.06400,-1.64205,-0.40147,0.73181,1.56096
8.07300,-1.51889,-0.37902,0.67522,1.56237
8.08100,-1.61426,-0.38511,0.72155,1.55930
8.09000,-1.48502,-0.37130,0.66000,1.56251
8.10100,-1.56016,-0.38445,0.69465,1.56149
8.11000,-1.40551,-0.34178,0.62680,1.56059
8.12000,-1.53073,-0.36579,0.68408,1.55941
8.13000,-1.35413,-0.33627,0.60234,1.56203
8.14000,-1.46693,-0.35995,0.65348,1.56120
8.15600,-1.36136,-0.33701,0.60579,1.56181
8.16200,-1.37402,-0.33956,0.61155,1.56169
8.17000,-1.29624,-0.32246,0.57646,1.56215
8.18200,-1.37065,-0.34022,0.60972,1.56200
8.19200,-1.30923,-0.33019,0.58124,1.56312
8.20300,-1.26023,-0.30791,0.56169,1.56091
8.21300,-1.30414,-0.32443,0.57997,1.56215
8.22300,-1.26138,-0.30626,0.56263,1.56048
8.23300,-1.22965,-0.30865,0.54624,1.56278
8.24200,-1.23442,-0.30174,0.55016,1.56094
8.25200,-1.21386,-0.30347,0.53949,1.56250
8.26200,-1.21386,-0.28760,0.54302,1.55885
8.27200,-1.17999,-0.29368,0.52473,1.56219
8.28200,-1.17325,-0.28250,0.52385,1.55992
8.29200,-1.15878,-0.28710,0.51559,1.56187
8.30200,-1.17423,-0.28110,0.52465,1.55953
8.31200,-1.19216,-0.29418,0.53071,1.56159
8.32200,-1.19750,-0.28768,0.53482,1.55977
8.33200,-1.20186,-0.29829,0.53464,1.56199
8.34200,-1.17333,-0.28258,0.52387,1.55993
8.35200,-1.16297,-0.28990,0.51706,1.56230
8.36200,-1.13164,-0.27165,0.50546,1.55971
8.37200,-1.13066,-0.28102,0.50288,1.56209
8.38300,-1.12885,-0.26836,0.50479,1.55907
8.39300,-1.15483,-0.28447,0.51420,1.56147
8.40300,-1.15450,-0.27921,0.51520,1.56022
8.41300,-1.16379,-0.28760,0.51799,1.56169
8.42300,-1.14118,-0.27633,0.50918,1.56030
8.43300,-1.13419,-0.28094,0.50467,1.56185
8.44300,-1.12161,-0.27954,0.49869,1.56228
8.45300,-1.13946,-0.27970,0.50757,1.56123
8.46300,-1.14135,-0.27987,0.50848,1.56116
8.47300,-1.16157,-0.28464,0.51753,1.56111
8.48300,-1.14809,-0.27822,0.51222,1.56035
8.49300,-1.15483,-0.28250,0.51464,1.56099
8.50300,-1.11125,-0.27633,0.49422,1.56213
8.51300,-1.12671,-0.27658,0.50189,1.56123
8.52300,-1.10320,-0.27379,0.49076,1.56199
8.53300,-1.12959,-0.27477,0.50373,1.56061
8.54300,-1.11520,-0.27494,0.49650,1.56153
8.55400,-1.13460,-0.27773,0.50558,1.56104
8.56200,-1.12424,-0.28143,0.49958,1.56259
8.57200,-1.13099,-0.27559,0.50425,1.56073
8.58200,-1.10336,-0.27592,0.49036,1.56252
8.59300,-1.10410,-0.26918,0.49223,1.56076
8.60300,-1.09317,-0.27189,0.48616,1.56214
8.61300,-1.11586,-0.27148,0.49760,1.56062
8.62300,-1.11907,-0.27436,0.49856,1.56114
8.63300,-1.13756,-0.28036,0.50648,1.56151
8.64300,-1.13296,-0.27716,0.50489,1.56099
8.65300,-1.13641,-0.28234,0.50547,1.56206
8.66300,-1.10270,-0.27411,0.49044,1.56210
8.67300,-1.10238,-0.27247,0.49064,1.56170
8.68300,-1.08289,-0.26704,0.48210,1.56155
8.69300,-1.09785,-0.27050,0.48882,1.56149
8.70300,-1.09333,-0.27041,0.48657,1.56175
8.71300,-1.11676,-0.27527,0.49721,1.56151
8.72300,-1.11010,-0.27658,0.49359,1.56226
8.73400,-1.11553,-0.27453,0.49676,1.56140
8.74200,-1.09284,-0.27066,0.48627,1.56184
8.75300,-1.08889,-0.26844,0.48479,1.56152
8.76400,-1.08231,-0.26688,0.48185,1.56154
8.77200,-1.10016,-0.27083,0.48989,1.56142
8.78300,-1.10698,-0.26984,0.49353,1.56075
8.79300,-1.12540,-0.27642,0.50127,1.56127
8.80300,-1.11767,-0.27403,0.49794,1.56115
8.81300,-1.11578,-0.27551,0.49666,1.56164
8.82500,-1.08725,-0.26696,0.48430,1.56125
8.83300,-1.08947,-0.26869,0.48503,1.56155
8.84400,-1.07459,-0.26310,0.47883,1.56105
8.85200,-1.08930,-0.26967,0.48472,1.56182
8.86200,-1.08790,-0.26441,0.48519,1.56055
8.87200,-1.10287,-0.27189,0.49101,1.56153
8.88200,-1.09777,-0.26811,0.48930,1.56088
8.89200,-1.09695,-0.26869,0.48877,1.56108
8.90200,-1.07837,-0.26507,0.48028,1.56132
8.91200,-1.07146,-0.26474,0.47690,1.56168
8.92300,-1.06760,-0.26005,0.47601,1.56070
8.93300,-1.08051,-0.26803,0.48069,1.56195
8.94300,-1.09909,-0.26532,0.49058,1.56009
8.95300,-1.11520,-0.27576,0.49632,1.56173
8.96300,-1.11545,-0.26984,0.49776,1.56023
8.97300,-1.10945,-0.27666,0.49324,1.56232
8.98300,-1.09021,-0.26606,0.48598,1.56083
8.99300,-1.11405,-0.27198,0.49659,1.56085
9.00400,-1.10501,-0.26589,0.49342,1.55988
9.01200,-1.10945,-0.27066,0.49458,1.56081
9.02300,-1.07294,-0.26112,0.47844,1.56064
9.03300,-1.06012,-0.26079,0.47210,1.56138
9.04400,-1.05436,-0.25866,0.46970,1.56119
9.05400,-1.07163,-0.26137,0.47773,1.56079
9.06200,-1.08988,-0.26671,0.48567,1.56102
9.07200,-1.11389,-0.27017,0.49691,1.56041
9.08200,-1.10961,-0.27280,0.49418,1.56134
9.09300,-1.09761,-0.26770,0.48931,1.56079
9.10300,-1.07639,-0.26375,0.47958,1.56111
9.11300,-1.06587,-0.25931,0.47531,1.56062
9.12200,-1.06686,-0.25989,0.47568,1.56071
9.13400,-1.07771,-0.26063,0.48094,1.56021
9.14300,-1.09021,-0.26532,0.48614,1.56064
9.15300,-1.10032,-0.26408,0.49147,1.55970
9.16500,-1.09646,-0.26655,0.48899,1.56057
9.17300,-1.08445,-0.26408,0.48354,1.56068
9.18300,-1.07508,-0.26211,0.47929,1.56076
9.19200,-1.07031,-0.26186,0.47696,1.56100
9.20300,-1.07327,-0.26178,0.47846,1.56079
9.21400,-1.08215,-0.26704,0.48173,1.56159
9.22300,-1.09021,-0.26441,0.48635,1.56041
9.23400,-1.09103,-0.26713,0.48615,1.56105
9.24400,-1.08659,-0.26375,0.48468,1.56046
9.25300,-1.07738,-0.26178,0.48052,1.56053
9.26400,-1.07253,-0.26145,0.47816,1.56075
9.27200,-1.07113,-0.26162,0.47743,1.56089
9.28300,-1.07631,-0.26096,0.48017,1.56039
9.29300,-1.08264,-0.26227,0.48304,1.56033
9.30300,-1.08790,-0.26145,0.48585,1.55979
9.31300,-1.08593,-0.26203,0.48474,1.56006
9.32300,-1.08149,-0.26071,0.48281,1.56000
9.33300,-1.07450,-0.26112,0.47922,1.56054
9.34300,-1.07113,-0.26195,0.47736,1.56097
9.35300,-1.07163,-0.26121,0.47777,1.56075
9.36300,-1.07508,-0.25915,0.47995,1.55999
9.37300,-1.08034,-0.25882,0.48265,1.55958
9.38200,-1.08379,-0.26170,0.48374,1.56011
9.39200,-1.08289,-0.26375,0.48283,1.56070
9.40300,-1.07903,-0.26244,0.48119,1.56060
9.41300,-1.07426,-0.26326,0.47863,1.56112
9.42300,-1.07130,-0.26071,0.47771,1.56064
9.44000,-1.07195,-0.26063,0.47806,1.56058
9.45600,-1.07426,-0.25931,0.47950,1.56009
9.47100,-1.07672,-0.25882,0.48085,1.55981
9.48500,-1.07804,-0.25956,0.48134,1.55992
9.50000,-1.07787,-0.25899,0.48138,1.55978
9.51400,-1.07467,-0.26063,0.47942,1.56040
9.52900,-1.07343,-0.26014,0.47891,1.56035
9.54500,-1.07269,-0.26129,0.47828,1.56070
9.55900,-1.07360,-0.26211,0.47855,1.56086
9.57400,-1.07475,-0.26195,0.47916,1.56074
9.58800,-1.07590,-0.26129,0.47989,1.56050
9.60300,-1.07557,-0.26088,0.47981,1.56041
9.61700,-1.07442,-0.25899,0.47966,1.55999
9.63000,-1.07212,-0.26211,0.47781,1.56095
9.64400,-1.07047,-0.26022,0.47741,1.56056
9.65800,-1.07113,-0.26145,0.47747,1.56084
9.67200,-1.07294,-0.26063,0.47855,1.56051
9.68600,-1.07459,-0.25981,0.47956,1.56020
9.70000,-1.07442,-0.26005,0.47942,1.56027
9.71400,-1.07343,-0.25734,0.47953,1.55963
9.72700,-1.07212,-0.25882,0.47854,1.56009
9.74100,-1.06998,-0.25792,0.47768,1.55999
9.75500,-1.07031,-0.25997,0.47738,1.56051
9.75900,-1.07031,-0.25882,0.47764,1.56021
9.76400,-1.07195,-0.26063,0.47806,1.56058
9.77000,-1.07278,-0.26096,0.47840,1.56061
9.77400,-1.07343,-0.26112,0.47869,1.56061
9.77800,-1.07245,-0.25981,0.47849,1.56033
9.78300,-1.07097,-0.26079,0.47753,1.56068
9.78800,-1.06899,-0.25882,0.47698,1.56029
9.79200,-1.06899,-0.26063,0.47658,1.56076
9.79700,-1.06965,-0.25899,0.47727,1.56029
9.80200,-1.07031,-0.26112,0.47713,1.56081
9.80900,-1.07113,-0.26129,0.47750,1.56080
9.81300,-1.07097,-0.25816,0.47811,1.56000
9.81800,-1.07130,-0.25948,0.47799,1.56032
9.82300,-1.06982,-0.25759,0.47767,1.55992
9.82700,-1.06883,-0.25800,0.47708,1.56009
9.83300,-1.06916,-0.25660,0.47756,1.55970
9.83800,-1.06850,-0.25857,0.47679,1.56026
9.84200,-1.06908,-0.25907,0.47697,1.56035
9.84900,-1.06883,-0.26079,0.47646,1.56082
9.85600,-1.06867,-0.26047,0.47645,1.56074
9.86300,-1.06834,-0.25981,0.47643,1.56059
9.87100,-1.06932,-0.25931,0.47704,1.56040
9.88200,-1.06817,-0.26038,0.47622,1.56075
9.89100,-1.06883,-0.25882,0.47690,1.56030
9.90200,-1.06858,-0.26022,0.47647,1.56068
9.91100,-1.06916,-0.25907,0.47701,1.56035
9.92100,-1.06834,-0.26047,0.47629,1.56076
9.93200,-1.06817,-0.25931,0.47646,1.56047
9.94100,-1.06702,-0.25849,0.47607,1.56033
9.95100,-1.06735,-0.25808,0.47632,1.56020
9.96200,-1.06710,-0.25677,0.47649,1.55987
9.97100,-1.06719,-0.25816,0.47622,1.56023
9.98200,-1.06760,-0.25635,0.47683,1.55974
9.99100,-1.06842,-0.25956,0.47653,1.56052
10.00100,-1.06768,-0.25948,0.47618,1.56055
10.01200,-1.06751,-0.26005,0.47597,1.56071
10.02000,-1.06669,-0.25660,0.47632,1.55986
10.03400,-1.06653,-0.26047,0.47538,1.56088
10.04100,-1.06636,-0.25751,0.47596,1.56011
10.05100,-1.06636,-0.26014,0.47537,1.56080
10.06100,-1.06669,-0.25899,0.47579,1.56048
10.07200,-1.06719,-0.26030,0.47575,1.56079
10.08100,-1.06735,-0.25948,0.47601,1.56057
10.09200,-1.06669,-0.25783,0.47605,1.56018
10.10100,-1.06636,-0.25775,0.47590,1.56018
10.11100,-1.06505,-0.25529,0.47579,1.55962
10.12200,-1.06505,-0.25619,0.47559,1.55985
10.13100,-1.06521,-0.25742,0.47540,1.56017
10.14100,-1.06562,-0.25742,0.47561,1.56014
10.15100,-1.06562,-0.25849,0.47537,1.56042
10.16100,-1.06538,-0.25767,0.47543,1.56022
10.17200,-1.06538,-0.25857,0.47523,1.56046
10.18100,-1.06587,-0.25989,0.47518,1.56077
10.19100,-1.06488,-0.25956,0.47476,1.56075
10.20100,-1.06505,-0.26195,0.47431,1.56136
10.21000,-1.06455,-0.25981,0.47454,1.56083
10.22200,-1.06423,-0.25981,0.47438,1.56085
10.23100,-1.06423,-0.25751,0.47489,1.56025
10.24000,-1.06307,-0.25792,0.47422,1.56043
10.25100,-1.06373,-0.25783,0.47457,1.56037
10.26100,-1.06406,-0.25816,0.47466,1.56043
10.27200,-1.06423,-0.25611,0.47520,1.55988
10.28100,-1.06423,-0.25734,0.47493,1.56021
10.29200,-1.06357,-0.25668,0.47474,1.56008
10.30100,-1.06423,-0.25857,0.47465,1.56053
10.31100,-1.06291,-0.25816,0.47409,1.56051
10.32100,-1.06373,-0.25899,0.47431,1.56067
10.33100,-1.06291,-0.26079,0.47350,1.56120
10.34400,-1.06390,-0.25866,0.47447,1.56057
10.35300,-1.06373,-0.26088,0.47389,1.56117
10.36300,-1.06390,-0.25857,0.47449,1.56055
10.37300,-1.06324,-0.25964,0.47392,1.56087
10.38300,-1.06340,-0.25783,0.47441,1.56039
10.39300,-1.06340,-0.25759,0.47446,1.56032
10.40300,-1.06275,-0.25685,0.47430,1.56017
10.41300,-1.06242,-0.25751,0.47399,1.56036
10.42300,-1.06275,-0.25570,0.47455,1.55987
10.43300,-1.06225,-0.25816,0.47376,1.56055
10.44300,-1.06225,-0.25767,0.47387,1.56042
10.45300,-1.06275,-0.25734,0.47419,1.56030
10.46300,-1.06275,-0.25857,0.47391,1.56062
10.47300,-1.06275,-0.25833,0.47397,1.56056
10.48300,-1.06291,-0.26186,0.47326,1.56148
10.49300,-1.06275,-0.25767,0.47411,1.56039
10.50500,-1.06143,-0.26096,0.47272,1.56134
10.51500,-1.06127,-0.25816,0.47326,1.56061
10.52500,-1.06127,-0.25751,0.47341,1.56044
10.53500,-1.06168,-0.25800,0.47351,1.56054
10.55500,-1.06127,-0.25833,0.47323,1.56065
10.56300,-1.06110,-0.25520,0.47384,1.55984
10.57000,-1.06143,-0.25816,0.47335,1.56060
10.57800,-1.06143,-0.25586,0.47386,1.56000
10.58700,-1.06160,-0.25718,0.47365,1.56033
10.59600,-1.06168,-0.25734,0.47365,1.56037
10.60500,-1.06127,-0.25800,0.47330,1.56057
10.61400,-1.06160,-0.26014,0.47299,1.56111
10.62300,-1.06127,-0.25808,0.47328,1.56059
10.63400,-1.06127,-0.26096,0.47264,1.56135
10.64400,-1.06061,-0.25619,0.47337,1.56013
10.65300,-1.05995,-0.26112,0.47195,1.56148
10.66400,-1.06127,-0.25783,0.47334,1.56052
10.67200,-1.06110,-0.25940,0.47291,1.56095
10.68200,-1.06061,-0.25833,0.47290,1.56070
10.69200,-1.06061,-0.25816,0.47293,1.56065
10.70200,-1.05962,-0.25594,0.47293,1.56013
10.71300,-1.06061,-0.25726,0.47314,1.56041
10.72300,-1.06044,-0.25537,0.47347,1.55993
10.73300,-1.06110,-0.25751,0.47333,1.56045
10.74300,-1.06012,-0.25619,0.47313,1.56016
10.75300,-1.06028,-0.25668,0.47310,1.56028
10.76400,-1.06044,-0.25734,0.47303,1.56045
10.77200,-1.06044,-0.25825,0.47283,1.56069
10.78400,-1.06012,-0.25931,0.47243,1.56099
10.79300,-1.05979,-0.25701,0.47278,1.56040
10.80400,-1.06012,-0.25997,0.47229,1.56116
10.81200,-1.05979,-0.25800,0.47256,1.56066
10.82200,-1.05946,-0.25931,0.47210,1.56103
10.83200,-1.05962,-0.25718,0.47266,1.56046
10.84000,-1.05979,-0.25808,0.47254,1.56068
10.85000,-1.05995,-0.25718,0.47282,1.56044
10.86000,-1.05995,-0.25767,0.47272,1.56057
10.87100,-1.06012,-0.25685,0.47298,1.56034
10.88100,-1.05995,-0.25594,0.47310,1.56011
10.89100,-1.05929,-0.25520,0.47293,1.55996
10.90100,-1.05929,-0.25635,0.47268,1.56026
10.91100,-1.05929,-0.25455,0.47308,1.55978
10.92100,-1.05913,-0.25668,0.47252,1.56036
10.93100,-1.05864,-0.25668,0.47228,1.56039
10.94100,-1.05847,-0.25734,0.47205,1.56057
10.95000,-1.05880,-0.25948,0.47174,1.56112
10.96000,-1.05831,-0.25701,0.47204,1.56050
10.97000,-1.05929,-0.26129,0.47158,1.56156
10.98000,-1.05913,-0.25759,0.47232,1.56060
10.99000,-1.05896,-0.25685,0.47240,1.56041
11.00000,-1.05905,-0.25734,0.47234,1.56054
11.01000,-1.05864,-0.25619,0.47239,1.56026
11.02000,-1.05806,-0.25808,0.47168,1.56080
11.03000,-1.05929,-0.25759,0.47240,1.56059
11.04200,-1.05872,-0.25644,0.47237,1.56032
11.05100,-1.05831,-0.25767,0.47189,1.56067
11.06200,-1.05814,-0.25430,0.47256,1.55979
11.07200,-1.05831,-0.25504,0.47248,1.55998
11.08200,-1.05781,-0.25479,0.47229,1.55994
11.09200,-1.05798,-0.25586,0.47213,1.56021
11.10200,-1.05748,-0.25726,0.47157,1.56061
11.11300,-1.05798,-0.25742,0.47178,1.56063
11.12300,-1.05798,-0.25783,0.47169,1.56074
11.13300,-1.05847,-0.25849,0.47179,1.56088
11.14300,-1.05896,-0.25701,0.47237,1.56045
11.15400,-1.05864,-0.25734,0.47213,1.56056
11.16200,-1.05798,-0.25619,0.47206,1.56030
11.17300,-1.05757,-0.25841,0.47136,1.56091
11.18300,-1.05765,-0.25685,0.47175,1.56050
11.19300,-1.05707,-0.25767,0.47128,1.56075
11.20300,-1.05716,-0.25693,0.47148,1.56055
11.21300,-1.05699,-0.25619,0.47156,1.56036
11.22300,-1.05666,-0.25488,0.47169,1.56004
11.23300,-1.05724,-0.25372,0.47224,1.55970
11.24300,-1.05831,-0.25644,0.47217,1.56035
11.25300,-1.05765,-0.25570,0.47200,1.56019
11.26300,-1.05781,-0.25718,0.47176,1.56057
11.27300,-1.05765,-0.25734,0.47164,1.56063
11.28100,-1.05748,-0.25742,0.47154,1.56066
11.29300,-1.05699,-0.25660,0.47147,1.56047
11.30400,-1.05716,-0.25685,0.47150,1.56053
11.31000,-1.05699,-0.25537,0.47175,1.56015
11.32000,-1.05748,-0.25767,0.47148,1.56072
11.33200,-1.05699,-0.25718,0.47134,1.56062
11.34000,-1.05716,-0.25718,0.47143,1.56061
11.35900,-1.05781,-0.25726,0.47174,1.56059
11.36700,-1.05732,-0.25438,0.47213,1.55987
11.37500,-1.05683,-0.25512,0.47172,1.56009
11.38300,-1.05600,-0.25364,0.47164,1.55975
11.39300,-1.05666,-0.25652,0.47133,1.56047
11.40300,-1.05699,-0.25619,0.47156,1.56036
11.41300,-1.05666,-0.25751,0.47111,1.56073
11.42300,-1.05683,-0.25800,0.47108,1.56085
11.43300,-1.05683,-0.25825,0.47103,1.56092
11.44300,-1.05716,-0.25619,0.47165,1.56035
11.45300,-1.05617,-0.25767,0.47082,1.56081
11.46300,-1.05617,-0.25570,0.47126,1.56029
11.47300,-1.05600,-0.25866,0.47052,1.56108
11.48300,-1.05403,-0.25644,0.47003,1.56062
11.49300,-1.05469,-0.25668,0.47030,1.56064
11.50200,-1.05551,-0.25652,0.47075,1.56055
11.51200,-1.05551,-0.25520,0.47104,1.56020
11.52200,-1.05568,-0.25422,0.47134,1.55993
11.53300,-1.05617,-0.25430,0.47157,1.55992
11.54300,-1.05633,-0.25611,0.47125,1.56038
11.55200,-1.05617,-0.25578,0.47124,1.56031
11.56500,-1.05584,-0.25734,0.47073,1.56074
11.57300,-1.05535,-0.25800,0.47034,1.56095
11.58300,-1.05502,-0.25718,0.47036,1.56075
11.59300,-1.05502,-0.25652,0.47050,1.56058
11.60300,-1.05551,-0.25685,0.47068,1.56063
11.61300,-1.05568,-0.25594,0.47096,1.56038
11.62300,-1.05502,-0.25734,0.47032,1.56080
11.63300,-1.05551,-0.25668,0.47071,1.56059
11.64300,-1.05502,-0.25734,0.47032,1.56080
11.65300,-1.05526,-0.25635,0.47066,1.56052
11.66300,-1.05485,-0.25471,0.47082,1.56011
11.67300,-1.05485,-0.25496,0.47077,1.56018
11.68300,-1.05494,-0.25266,0.47132,1.55956
11.69200,-1.05436,-0.25545,0.47041,1.56034
11.70200,-1.05469,-0.25603,0.47045,1.56047
11.71200,-1.05568,-0.25693,0.47074,1.56064
11.72200,-1.05518,-0.25775,0.47031,1.56089
11.73200,-1.05485,-0.25685,0.47035,1.56068
11.74200,-1.05518,-0.25496,0.47093,1.56015
11.75200,-1.05420,-0.25783,0.46980,1.56098
11.76200,-1.05502,-0.25488,0.47087,1.56014
11.77300,-1.05387,-0.25668,0.46989,1.56070
11.78300,-1.05420,-0.25619,0.47017,1.56054
11.79200,-1.05452,-0.25709,0.47013,1.56076
11.80200,-1.05420,-0.25537,0.47035,1.56033
11.81400,-1.05469,-0.25422,0.47085,1.55999
11.82300,-1.05387,-0.25422,0.47044,1.56004
11.83300,-1.05403,-0.25282,0.47083,1.55966
